file,line,type,commit,author,date,time,timezone,datetime,depth,length
style.css,1,css,8d8d8b7b,xibahbah,2026-04-11,21:54:21,-07:00,2026-04-11T21:54:21-07:00,0,29
style.css,2,css,8d8d8b7b,xibahbah,2026-04-11,21:54:21,-07:00,2026-04-11T21:54:21-07:00,0,5
style.css,3,css,8d8d8b7b,xibahbah,2026-04-11,21:54:21,-07:00,2026-04-11T21:54:21-07:00,2,31
style.css,4,css,8d8d8b7b,xibahbah,2026-04-11,21:54:21,-07:00,2026-04-11T21:54:21-07:00,0,0
style.css,5,css,8d8d8b7b,xibahbah,2026-04-11,21:54:21,-07:00,2026-04-11T21:54:21-07:00,0,0
style.css,6,css,8d8d8b7b,xibahbah,2026-04-11,21:54:21,-07:00,2026-04-11T21:54:21-07:00,0,4
style.css,7,css,8d8d8b7b,xibahbah,2026-04-11,21:54:21,-07:00,2026-04-11T21:54:21-07:00,2,32
style.css,8,css,66e95155,xibahbah,2026-04-18,14:01:43,-07:00,2026-04-18T14:01:43-07:00,2,23
style.css,9,css,8d8d8b7b,xibahbah,2026-04-11,21:54:21,-07:00,2026-04-11T21:54:21-07:00,0,0
style.css,10,css,8d8d8b7b,xibahbah,2026-04-11,21:54:21,-07:00,2026-04-11T21:54:21-07:00,0,0
style.css,11,css,8d8d8b7b,xibahbah,2026-04-11,21:54:21,-07:00,2026-04-11T21:54:21-07:00,0,68
style.css,12,css,9aa906ca,xibahbah,2026-04-04,16:32:01,-07:00,2026-04-04T16:32:01-07:00,0,4
style.css,13,css,9aa906ca,xibahbah,2026-04-04,16:32:01,-07:00,2026-04-04T16:32:01-07:00,2,23
style.css,14,css,8d8d8b7b,xibahbah,2026-04-11,21:54:21,-07:00,2026-04-11T21:54:21-07:00,2,15
style.css,15,css,8d8d8b7b,xibahbah,2026-04-11,21:54:21,-07:00,2026-04-11T21:54:21-07:00,2,18
style.css,16,css,8d8d8b7b,xibahbah,2026-04-11,21:54:21,-07:00,2026-04-11T21:54:21-07:00,2,18
style.css,17,css,1a032c9e,xibahbah,2026-04-04,16:45:01,-07:00,2026-04-04T16:45:01-07:00,0,0
style.css,18,css,1a032c9e,xibahbah,2026-04-04,16:45:01,-07:00,2026-04-04T16:45:01-07:00,0,0
style.css,19,css,8d8d8b7b,xibahbah,2026-04-11,21:54:21,-07:00,2026-04-11T21:54:21-07:00,0,54
style.css,20,css,8d8d8b7b,xibahbah,2026-04-11,21:54:21,-07:00,2026-04-11T21:54:21-07:00,0,22
style.css,21,css,8d8d8b7b,xibahbah,2026-04-11,21:54:21,-07:00,2026-04-11T21:54:21-07:00,2,15
style.css,22,css,8d8d8b7b,xibahbah,2026-04-11,21:54:21,-07:00,2026-04-11T21:54:21-07:00,2,17
style.css,23,css,8d8d8b7b,xibahbah,2026-04-11,21:54:21,-07:00,2026-04-11T21:54:21-07:00,0,0
style.css,24,css,8d8d8b7b,xibahbah,2026-04-11,21:54:21,-07:00,2026-04-11T21:54:21-07:00,0,0
style.css,25,css,8d8d8b7b,xibahbah,2026-04-11,21:54:21,-07:00,2026-04-11T21:54:21-07:00,0,2
style.css,26,css,8d8d8b7b,xibahbah,2026-04-11,21:54:21,-07:00,2026-04-11T21:54:21-07:00,2,14
style.css,27,css,8d8d8b7b,xibahbah,2026-04-11,21:54:21,-07:00,2026-04-11T21:54:21-07:00,0,0
style.css,28,css,8d8d8b7b,xibahbah,2026-04-11,21:54:21,-07:00,2026-04-11T21:54:21-07:00,0,0
style.css,29,css,8d8d8b7b,xibahbah,2026-04-11,21:54:21,-07:00,2026-04-11T21:54:21-07:00,0,35
style.css,30,css,8d8d8b7b,xibahbah,2026-04-11,21:54:21,-07:00,2026-04-11T21:54:21-07:00,0,0
style.css,31,css,8d8d8b7b,xibahbah,2026-04-11,21:54:21,-07:00,2026-04-11T21:54:21-07:00,0,57
style.css,32,css,8d8d8b7b,xibahbah,2026-04-11,21:54:21,-07:00,2026-04-11T21:54:21-07:00,0,5
style.css,33,css,8d8d8b7b,xibahbah,2026-04-11,21:54:21,-07:00,2026-04-11T21:54:21-07:00,0,6
style.css,34,css,8d8d8b7b,xibahbah,2026-04-11,21:54:21,-07:00,2026-04-11T21:54:21-07:00,2,16
style.css,35,css,8d8d8b7b,xibahbah,2026-04-11,21:54:21,-07:00,2026-04-11T21:54:21-07:00,0,0
style.css,36,css,8d8d8b7b,xibahbah,2026-04-11,21:54:21,-07:00,2026-04-11T21:54:21-07:00,0,0
style.css,37,css,8d8d8b7b,xibahbah,2026-04-11,21:54:21,-07:00,2026-04-11T21:54:21-07:00,0,28
style.css,38,css,1a032c9e,xibahbah,2026-04-04,16:45:01,-07:00,2026-04-04T16:45:01-07:00,0,3
style.css,39,css,1a032c9e,xibahbah,2026-04-04,16:45:01,-07:00,2026-04-04T16:45:01-07:00,2,12
style.css,40,css,8d8d8b7b,xibahbah,2026-04-11,21:54:21,-07:00,2026-04-11T21:54:21-07:00,2,17
style.css,41,css,66e95155,xibahbah,2026-04-18,14:01:43,-07:00,2026-04-18T14:01:43-07:00,2,39
style.css,42,css,66e95155,xibahbah,2026-04-18,14:01:43,-07:00,2026-04-18T14:01:43-07:00,2,43
style.css,43,css,8d8d8b7b,xibahbah,2026-04-11,21:54:21,-07:00,2026-04-11T21:54:21-07:00,0,0
style.css,44,css,8d8d8b7b,xibahbah,2026-04-11,21:54:21,-07:00,2026-04-11T21:54:21-07:00,0,0
style.css,45,css,8d8d8b7b,xibahbah,2026-04-11,21:54:21,-07:00,2026-04-11T21:54:21-07:00,0,24
style.css,46,css,8d8d8b7b,xibahbah,2026-04-11,21:54:21,-07:00,2026-04-11T21:54:21-07:00,0,5
style.css,47,css,8d8d8b7b,xibahbah,2026-04-11,21:54:21,-07:00,2026-04-11T21:54:21-07:00,2,6
style.css,48,css,8d8d8b7b,xibahbah,2026-04-11,21:54:21,-07:00,2026-04-11T21:54:21-07:00,2,20
style.css,49,css,8d8d8b7b,xibahbah,2026-04-11,21:54:21,-07:00,2026-04-11T21:54:21-07:00,2,13
style.css,50,css,8d8d8b7b,xibahbah,2026-04-11,21:54:21,-07:00,2026-04-11T21:54:21-07:00,2,17
style.css,51,css,8d8d8b7b,xibahbah,2026-04-11,21:54:21,-07:00,2026-04-11T21:54:21-07:00,2,13
style.css,52,css,1a032c9e,xibahbah,2026-04-04,16:45:01,-07:00,2026-04-04T16:45:01-07:00,0,0
style.css,53,css,1a032c9e,xibahbah,2026-04-04,16:45:01,-07:00,2026-04-04T16:45:01-07:00,0,0
style.css,54,css,8d8d8b7b,xibahbah,2026-04-11,21:54:21,-07:00,2026-04-11T21:54:21-07:00,0,26
style.css,55,css,8d8d8b7b,xibahbah,2026-04-11,21:54:21,-07:00,2026-04-11T21:54:21-07:00,0,13
style.css,56,css,66e95155,xibahbah,2026-04-18,14:01:43,-07:00,2026-04-18T14:01:43-07:00,2,45
style.css,57,css,8d8d8b7b,xibahbah,2026-04-11,21:54:21,-07:00,2026-04-11T21:54:21-07:00,2,20
style.css,58,css,8d8d8b7b,xibahbah,2026-04-11,21:54:21,-07:00,2026-04-11T21:54:21-07:00,2,16
style.css,59,css,8d8d8b7b,xibahbah,2026-04-11,21:54:21,-07:00,2026-04-11T21:54:21-07:00,0,0
style.css,60,css,8d8d8b7b,xibahbah,2026-04-11,21:54:21,-07:00,2026-04-11T21:54:21-07:00,0,0
style.css,61,css,8d8d8b7b,xibahbah,2026-04-11,21:54:21,-07:00,2026-04-11T21:54:21-07:00,0,26
style.css,62,css,8d8d8b7b,xibahbah,2026-04-11,21:54:21,-07:00,2026-04-11T21:54:21-07:00,0,11
style.css,63,css,8d8d8b7b,xibahbah,2026-04-11,21:54:21,-07:00,2026-04-11T21:54:21-07:00,2,45
style.css,64,css,8d8d8b7b,xibahbah,2026-04-11,21:54:21,-07:00,2026-04-11T21:54:21-07:00,2,20
style.css,65,css,66e95155,xibahbah,2026-04-18,14:01:43,-07:00,2026-04-18T14:01:43-07:00,2,69
style.css,66,css,8d8d8b7b,xibahbah,2026-04-11,21:54:21,-07:00,2026-04-11T21:54:21-07:00,0,0
style.css,67,css,8d8d8b7b,xibahbah,2026-04-11,21:54:21,-07:00,2026-04-11T21:54:21-07:00,0,0
style.css,68,css,8d8d8b7b,xibahbah,2026-04-11,21:54:21,-07:00,2026-04-11T21:54:21-07:00,0,22
style.css,69,css,1a032c9e,xibahbah,2026-04-04,16:45:01,-07:00,2026-04-04T16:45:01-07:00,0,3
style.css,70,css,1a032c9e,xibahbah,2026-04-04,16:45:01,-07:00,2026-04-04T16:45:01-07:00,2,13
style.css,71,css,8d8d8b7b,xibahbah,2026-04-11,21:54:21,-07:00,2026-04-11T21:54:21-07:00,2,14
style.css,72,css,8d8d8b7b,xibahbah,2026-04-11,21:54:21,-07:00,2026-04-11T21:54:21-07:00,2,12
style.css,73,css,8d8d8b7b,xibahbah,2026-04-11,21:54:21,-07:00,2026-04-11T21:54:21-07:00,0,0
style.css,74,css,8d8d8b7b,xibahbah,2026-04-11,21:54:21,-07:00,2026-04-11T21:54:21-07:00,0,0
style.css,75,css,66e95155,xibahbah,2026-04-18,14:01:43,-07:00,2026-04-18T14:01:43-07:00,0,34
style.css,76,css,66e95155,xibahbah,2026-04-18,14:01:43,-07:00,2026-04-18T14:01:43-07:00,0,13
style.css,77,css,e0883cad,xibahbah,2026-04-25,15:52:37,-07:00,2026-04-25T15:52:37-07:00,2,16
style.css,78,css,66e95155,xibahbah,2026-04-18,14:01:43,-07:00,2026-04-18T14:01:43-07:00,2,13
style.css,79,css,66e95155,xibahbah,2026-04-18,14:01:43,-07:00,2026-04-18T14:01:43-07:00,2,19
style.css,80,css,66e95155,xibahbah,2026-04-18,14:01:43,-07:00,2026-04-18T14:01:43-07:00,0,0
style.css,81,css,66e95155,xibahbah,2026-04-18,14:01:43,-07:00,2026-04-18T14:01:43-07:00,0,0
style.css,82,css,66e95155,xibahbah,2026-04-18,14:01:43,-07:00,2026-04-18T14:01:43-07:00,0,20
style.css,83,css,66e95155,xibahbah,2026-04-18,14:01:43,-07:00,2026-04-18T14:01:43-07:00,2,19
style.css,84,css,66e95155,xibahbah,2026-04-18,14:01:43,-07:00,2026-04-18T14:01:43-07:00,2,17
style.css,85,css,66e95155,xibahbah,2026-04-18,14:01:43,-07:00,2026-04-18T14:01:43-07:00,0,0
style.css,86,css,66e95155,xibahbah,2026-04-18,14:01:43,-07:00,2026-04-18T14:01:43-07:00,0,0
style.css,87,css,8d8d8b7b,xibahbah,2026-04-11,21:54:21,-07:00,2026-04-11T21:54:21-07:00,0,37
style.css,88,css,8d8d8b7b,xibahbah,2026-04-11,21:54:21,-07:00,2026-04-11T21:54:21-07:00,0,0
style.css,89,css,8d8d8b7b,xibahbah,2026-04-11,21:54:21,-07:00,2026-04-11T21:54:21-07:00,0,37
style.css,90,css,8d8d8b7b,xibahbah,2026-04-11,21:54:21,-07:00,2026-04-11T21:54:21-07:00,0,9
style.css,91,css,8d8d8b7b,xibahbah,2026-04-11,21:54:21,-07:00,2026-04-11T21:54:21-07:00,0,12
style.css,92,css,66e95155,xibahbah,2026-04-18,14:01:43,-07:00,2026-04-18T14:01:43-07:00,0,10
style.css,93,css,66e95155,xibahbah,2026-04-18,14:01:43,-07:00,2026-04-18T14:01:43-07:00,0,11
style.css,94,css,8d8d8b7b,xibahbah,2026-04-11,21:54:21,-07:00,2026-04-11T21:54:21-07:00,2,12
style.css,95,css,8d8d8b7b,xibahbah,2026-04-11,21:54:21,-07:00,2026-04-11T21:54:21-07:00,2,21
style.css,96,css,8d8d8b7b,xibahbah,2026-04-11,21:54:21,-07:00,2026-04-11T21:54:21-07:00,2,10
style.css,97,css,8d8d8b7b,xibahbah,2026-04-11,21:54:21,-07:00,2026-04-11T21:54:21-07:00,0,0
style.css,98,css,8d8d8b7b,xibahbah,2026-04-11,21:54:21,-07:00,2026-04-11T21:54:21-07:00,0,0
style.css,99,css,8d8d8b7b,xibahbah,2026-04-11,21:54:21,-07:00,2026-04-11T21:54:21-07:00,0,25
style.css,100,css,8d8d8b7b,xibahbah,2026-04-11,21:54:21,-07:00,2026-04-11T21:54:21-07:00,0,4
style.css,101,css,8d8d8b7b,xibahbah,2026-04-11,21:54:21,-07:00,2026-04-11T21:54:21-07:00,2,12
style.css,102,css,8d8d8b7b,xibahbah,2026-04-11,21:54:21,-07:00,2026-04-11T21:54:21-07:00,2,30
style.css,103,css,8d8d8b7b,xibahbah,2026-04-11,21:54:21,-07:00,2026-04-11T21:54:21-07:00,2,7
style.css,104,css,8d8d8b7b,xibahbah,2026-04-11,21:54:21,-07:00,2026-04-11T21:54:21-07:00,2,14
style.css,105,css,8d8d8b7b,xibahbah,2026-04-11,21:54:21,-07:00,2026-04-11T21:54:21-07:00,0,0
style.css,106,css,8d8d8b7b,xibahbah,2026-04-11,21:54:21,-07:00,2026-04-11T21:54:21-07:00,0,0
style.css,107,css,8d8d8b7b,xibahbah,2026-04-11,21:54:21,-07:00,2026-04-11T21:54:21-07:00,0,10
style.css,108,css,8d8d8b7b,xibahbah,2026-04-11,21:54:21,-07:00,2026-04-11T21:54:21-07:00,2,12
style.css,109,css,8d8d8b7b,xibahbah,2026-04-11,21:54:21,-07:00,2026-04-11T21:54:21-07:00,2,29
style.css,110,css,8d8d8b7b,xibahbah,2026-04-11,21:54:21,-07:00,2026-04-11T21:54:21-07:00,2,18
style.css,111,css,8d8d8b7b,xibahbah,2026-04-11,21:54:21,-07:00,2026-04-11T21:54:21-07:00,2,20
style.css,112,css,8d8d8b7b,xibahbah,2026-04-11,21:54:21,-07:00,2026-04-11T21:54:21-07:00,2,9
style.css,113,css,8d8d8b7b,xibahbah,2026-04-11,21:54:21,-07:00,2026-04-11T21:54:21-07:00,0,0
style.css,114,css,8d8d8b7b,xibahbah,2026-04-11,21:54:21,-07:00,2026-04-11T21:54:21-07:00,0,0
style.css,115,css,8d8d8b7b,xibahbah,2026-04-11,21:54:21,-07:00,2026-04-11T21:54:21-07:00,0,11
style.css,116,css,8d8d8b7b,xibahbah,2026-04-11,21:54:21,-07:00,2026-04-11T21:54:21-07:00,2,18
style.css,117,css,8d8d8b7b,xibahbah,2026-04-11,21:54:21,-07:00,2026-04-11T21:54:21-07:00,0,0
style.css,118,css,8d8d8b7b,xibahbah,2026-04-11,21:54:21,-07:00,2026-04-11T21:54:21-07:00,0,0
style.css,119,css,8d8d8b7b,xibahbah,2026-04-11,21:54:21,-07:00,2026-04-11T21:54:21-07:00,0,38
style.css,120,css,8d8d8b7b,xibahbah,2026-04-11,21:54:21,-07:00,2026-04-11T21:54:21-07:00,0,0
style.css,121,css,8d8d8b7b,xibahbah,2026-04-11,21:54:21,-07:00,2026-04-11T21:54:21-07:00,0,39
style.css,122,css,8d8d8b7b,xibahbah,2026-04-11,21:54:21,-07:00,2026-04-11T21:54:21-07:00,0,9
style.css,123,css,8d8d8b7b,xibahbah,2026-04-11,21:54:21,-07:00,2026-04-11T21:54:21-07:00,2,12
style.css,124,css,8d8d8b7b,xibahbah,2026-04-11,21:54:21,-07:00,2026-04-11T21:54:21-07:00,2,58
style.css,125,css,8d8d8b7b,xibahbah,2026-04-11,21:54:21,-07:00,2026-04-11T21:54:21-07:00,2,7
style.css,126,css,8d8d8b7b,xibahbah,2026-04-11,21:54:21,-07:00,2026-04-11T21:54:21-07:00,2,16
style.css,127,css,8d8d8b7b,xibahbah,2026-04-11,21:54:21,-07:00,2026-04-11T21:54:21-07:00,0,0
style.css,128,css,8d8d8b7b,xibahbah,2026-04-11,21:54:21,-07:00,2026-04-11T21:54:21-07:00,0,0
style.css,129,css,8d8d8b7b,xibahbah,2026-04-11,21:54:21,-07:00,2026-04-11T21:54:21-07:00,0,55
style.css,130,css,8d8d8b7b,xibahbah,2026-04-11,21:54:21,-07:00,2026-04-11T21:54:21-07:00,0,17
style.css,131,css,8d8d8b7b,xibahbah,2026-04-11,21:54:21,-07:00,2026-04-11T21:54:21-07:00,2,12
style.css,132,css,8d8d8b7b,xibahbah,2026-04-11,21:54:21,-07:00,2026-04-11T21:54:21-07:00,2,26
style.css,133,css,8d8d8b7b,xibahbah,2026-04-11,21:54:21,-07:00,2026-04-11T21:54:21-07:00,2,15
style.css,134,css,8d8d8b7b,xibahbah,2026-04-11,21:54:21,-07:00,2026-04-11T21:54:21-07:00,2,9
style.css,135,css,8d8d8b7b,xibahbah,2026-04-11,21:54:21,-07:00,2026-04-11T21:54:21-07:00,0,0
style.css,136,css,8d8d8b7b,xibahbah,2026-04-11,21:54:21,-07:00,2026-04-11T21:54:21-07:00,0,0
style.css,137,css,8d8d8b7b,xibahbah,2026-04-11,21:54:21,-07:00,2026-04-11T21:54:21-07:00,0,20
style.css,138,css,8d8d8b7b,xibahbah,2026-04-11,21:54:21,-07:00,2026-04-11T21:54:21-07:00,2,8
style.css,139,css,8d8d8b7b,xibahbah,2026-04-11,21:54:21,-07:00,2026-04-11T21:54:21-07:00,0,0
style.css,140,css,8d8d8b7b,xibahbah,2026-04-11,21:54:21,-07:00,2026-04-11T21:54:21-07:00,0,0
style.css,141,css,8d8d8b7b,xibahbah,2026-04-11,21:54:21,-07:00,2026-04-11T21:54:21-07:00,0,21
style.css,142,css,8d8d8b7b,xibahbah,2026-04-11,21:54:21,-07:00,2026-04-11T21:54:21-07:00,2,10
style.css,143,css,8d8d8b7b,xibahbah,2026-04-11,21:54:21,-07:00,2026-04-11T21:54:21-07:00,2,19
style.css,144,css,8d8d8b7b,xibahbah,2026-04-11,21:54:21,-07:00,2026-04-11T21:54:21-07:00,2,16
style.css,145,css,8d8d8b7b,xibahbah,2026-04-11,21:54:21,-07:00,2026-04-11T21:54:21-07:00,0,0
style.css,146,css,8d8d8b7b,xibahbah,2026-04-11,21:54:21,-07:00,2026-04-11T21:54:21-07:00,0,0
style.css,147,css,8d8d8b7b,xibahbah,2026-04-11,21:54:21,-07:00,2026-04-11T21:54:21-07:00,0,19
style.css,148,css,8d8d8b7b,xibahbah,2026-04-11,21:54:21,-07:00,2026-04-11T21:54:21-07:00,2,8
style.css,149,css,8d8d8b7b,xibahbah,2026-04-11,21:54:21,-07:00,2026-04-11T21:54:21-07:00,2,15
style.css,150,css,8d8d8b7b,xibahbah,2026-04-11,21:54:21,-07:00,2026-04-11T21:54:21-07:00,2,21
style.css,151,css,8d8d8b7b,xibahbah,2026-04-11,21:54:21,-07:00,2026-04-11T21:54:21-07:00,0,0
style.css,152,css,8d8d8b7b,xibahbah,2026-04-11,21:54:21,-07:00,2026-04-11T21:54:21-07:00,0,0
style.css,153,css,cb843351,xibahbah,2026-05-08,16:24:10,-07:00,2026-05-08T16:24:10-07:00,0,13
style.css,154,css,cb843351,xibahbah,2026-05-08,16:24:10,-07:00,2026-05-08T16:24:10-07:00,2,12
style.css,155,css,cb843351,xibahbah,2026-05-08,16:24:10,-07:00,2026-05-08T16:24:10-07:00,2,21
style.css,156,css,cb843351,xibahbah,2026-05-08,16:24:10,-07:00,2026-05-08T16:24:10-07:00,2,10
style.css,157,css,cb843351,xibahbah,2026-05-08,16:24:10,-07:00,2026-05-08T16:24:10-07:00,0,0
style.css,158,css,cb843351,xibahbah,2026-05-08,16:24:10,-07:00,2026-05-08T16:24:10-07:00,0,0
style.css,159,css,cb843351,xibahbah,2026-05-08,16:24:10,-07:00,2026-05-08T16:24:10-07:00,0,13
style.css,160,css,cb843351,xibahbah,2026-05-08,16:24:10,-07:00,2026-05-08T16:24:10-07:00,2,30
style.css,161,css,cb843351,xibahbah,2026-05-08,16:24:10,-07:00,2026-05-08T16:24:10-07:00,2,34
style.css,162,css,cb843351,xibahbah,2026-05-08,16:24:10,-07:00,2026-05-08T16:24:10-07:00,2,21
style.css,163,css,cb843351,xibahbah,2026-05-08,16:24:10,-07:00,2026-05-08T16:24:10-07:00,0,0
style.css,164,css,cb843351,xibahbah,2026-05-08,16:24:10,-07:00,2026-05-08T16:24:10-07:00,0,0
style.css,165,css,cb843351,xibahbah,2026-05-08,16:24:10,-07:00,2026-05-08T16:24:10-07:00,0,42
style.css,166,css,cb843351,xibahbah,2026-05-08,16:24:10,-07:00,2026-05-08T16:24:10-07:00,0,16
style.css,167,css,cb843351,xibahbah,2026-05-08,16:24:10,-07:00,2026-05-08T16:24:10-07:00,2,12
style.css,168,css,cb843351,xibahbah,2026-05-08,16:24:10,-07:00,2026-05-08T16:24:10-07:00,2,18
style.css,169,css,cb843351,xibahbah,2026-05-08,16:24:10,-07:00,2026-05-08T16:24:10-07:00,2,7
style.css,170,css,cb843351,xibahbah,2026-05-08,16:24:10,-07:00,2026-05-08T16:24:10-07:00,2,16
style.css,171,css,cb843351,xibahbah,2026-05-08,16:24:10,-07:00,2026-05-08T16:24:10-07:00,0,0
style.css,172,css,cb843351,xibahbah,2026-05-08,16:24:10,-07:00,2026-05-08T16:24:10-07:00,0,0
style.css,173,css,cb843351,xibahbah,2026-05-08,16:24:10,-07:00,2026-05-08T16:24:10-07:00,0,18
style.css,174,css,b46e3080,xibahbah,2026-05-08,16:27:35,-07:00,2026-05-08T16:27:35-07:00,2,13
style.css,175,css,b46e3080,xibahbah,2026-05-08,16:27:35,-07:00,2026-05-08T16:27:35-07:00,2,10
style.css,176,css,b46e3080,xibahbah,2026-05-08,16:27:35,-07:00,2026-05-08T16:27:35-07:00,2,11
style.css,177,css,b46e3080,xibahbah,2026-05-08,16:27:35,-07:00,2026-05-08T16:27:35-07:00,2,14
style.css,178,css,cb843351,xibahbah,2026-05-08,16:24:10,-07:00,2026-05-08T16:24:10-07:00,2,16
style.css,179,css,cb843351,xibahbah,2026-05-08,16:24:10,-07:00,2026-05-08T16:24:10-07:00,2,16
style.css,180,css,cb843351,xibahbah,2026-05-08,16:24:10,-07:00,2026-05-08T16:24:10-07:00,0,0
style.css,181,css,cb843351,xibahbah,2026-05-08,16:24:10,-07:00,2026-05-08T16:24:10-07:00,0,0
style.css,182,css,cb843351,xibahbah,2026-05-08,16:24:10,-07:00,2026-05-08T16:24:10-07:00,0,23
style.css,183,css,cb843351,xibahbah,2026-05-08,16:24:10,-07:00,2026-05-08T16:24:10-07:00,2,14
style.css,184,css,cb843351,xibahbah,2026-05-08,16:24:10,-07:00,2026-05-08T16:24:10-07:00,2,16
style.css,185,css,cb843351,xibahbah,2026-05-08,16:24:10,-07:00,2026-05-08T16:24:10-07:00,0,0
style.css,186,css,cb843351,xibahbah,2026-05-08,16:24:10,-07:00,2026-05-08T16:24:10-07:00,0,0
style.css,187,css,cb843351,xibahbah,2026-05-08,16:24:10,-07:00,2026-05-08T16:24:10-07:00,0,51
style.css,188,css,cb843351,xibahbah,2026-05-08,16:24:10,-07:00,2026-05-08T16:24:10-07:00,2,11
style.css,189,css,cb843351,xibahbah,2026-05-08,16:24:10,-07:00,2026-05-08T16:24:10-07:00,0,0
style.css,190,css,cb843351,xibahbah,2026-05-08,16:24:10,-07:00,2026-05-08T16:24:10-07:00,0,0
style.css,191,css,cb843351,xibahbah,2026-05-08,16:24:10,-07:00,2026-05-08T16:24:10-07:00,0,7
style.css,192,css,cb843351,xibahbah,2026-05-08,16:24:10,-07:00,2026-05-08T16:24:10-07:00,2,6
style.css,193,css,cb843351,xibahbah,2026-05-08,16:24:10,-07:00,2026-05-08T16:24:10-07:00,2,12
style.css,194,css,cb843351,xibahbah,2026-05-08,16:24:10,-07:00,2026-05-08T16:24:10-07:00,2,57
style.css,195,css,cb843351,xibahbah,2026-05-08,16:24:10,-07:00,2026-05-08T16:24:10-07:00,2,15
style.css,196,css,cb843351,xibahbah,2026-05-08,16:24:10,-07:00,2026-05-08T16:24:10-07:00,2,8
style.css,197,css,cb843351,xibahbah,2026-05-08,16:24:10,-07:00,2026-05-08T16:24:10-07:00,2,11
style.css,198,css,cb843351,xibahbah,2026-05-08,16:24:10,-07:00,2026-05-08T16:24:10-07:00,2,32
style.css,199,css,cb843351,xibahbah,2026-05-08,16:24:10,-07:00,2026-05-08T16:24:10-07:00,2,19
style.css,200,css,cb843351,xibahbah,2026-05-08,16:24:10,-07:00,2026-05-08T16:24:10-07:00,2,15
style.css,201,css,cb843351,xibahbah,2026-05-08,16:24:10,-07:00,2026-05-08T16:24:10-07:00,0,0
style.css,202,css,cb843351,xibahbah,2026-05-08,16:24:10,-07:00,2026-05-08T16:24:10-07:00,0,0
style.css,203,css,cb843351,xibahbah,2026-05-08,16:24:10,-07:00,2026-05-08T16:24:10-07:00,0,12
style.css,204,css,cb843351,xibahbah,2026-05-08,16:24:10,-07:00,2026-05-08T16:24:10-07:00,2,12
style.css,205,css,cb843351,xibahbah,2026-05-08,16:24:10,-07:00,2026-05-08T16:24:10-07:00,2,18
style.css,206,css,cb843351,xibahbah,2026-05-08,16:24:10,-07:00,2026-05-08T16:24:10-07:00,2,9
style.css,207,css,cb843351,xibahbah,2026-05-08,16:24:10,-07:00,2026-05-08T16:24:10-07:00,2,14
style.css,208,css,cb843351,xibahbah,2026-05-08,16:24:10,-07:00,2026-05-08T16:24:10-07:00,0,0
style.css,209,css,cb843351,xibahbah,2026-05-08,16:24:10,-07:00,2026-05-08T16:24:10-07:00,0,0
style.css,210,css,cb843351,xibahbah,2026-05-08,16:24:10,-07:00,2026-05-08T16:24:10-07:00,0,7
style.css,211,css,cb843351,xibahbah,2026-05-08,16:24:10,-07:00,2026-05-08T16:24:10-07:00,2,20
style.css,212,css,cb843351,xibahbah,2026-05-08,16:24:10,-07:00,2026-05-08T16:24:10-07:00,2,9
style.css,213,css,cb843351,xibahbah,2026-05-08,16:24:10,-07:00,2026-05-08T16:24:10-07:00,2,18
style.css,214,css,cb843351,xibahbah,2026-05-08,16:24:10,-07:00,2026-05-08T16:24:10-07:00,2,19
style.css,215,css,cb843351,xibahbah,2026-05-08,16:24:10,-07:00,2026-05-08T16:24:10-07:00,2,23
style.css,216,css,cb843351,xibahbah,2026-05-08,16:24:10,-07:00,2026-05-08T16:24:10-07:00,0,0
style.css,217,css,cb843351,xibahbah,2026-05-08,16:24:10,-07:00,2026-05-08T16:24:10-07:00,0,0
style.css,218,css,cb843351,xibahbah,2026-05-08,16:24:10,-07:00,2026-05-08T16:24:10-07:00,0,9
style.css,219,css,cb843351,xibahbah,2026-05-08,16:24:10,-07:00,2026-05-08T16:24:10-07:00,2,35
style.css,220,css,cb843351,xibahbah,2026-05-08,16:24:10,-07:00,2026-05-08T16:24:10-07:00,0,0
style.css,221,css,cb843351,xibahbah,2026-05-08,16:24:10,-07:00,2026-05-08T16:24:10-07:00,0,0
style.css,222,css,cb843351,xibahbah,2026-05-08,16:24:10,-07:00,2026-05-08T16:24:10-07:00,0,18
style.css,223,css,cb843351,xibahbah,2026-05-08,16:24:10,-07:00,2026-05-08T16:24:10-07:00,2,17
style.css,224,css,cb843351,xibahbah,2026-05-08,16:24:10,-07:00,2026-05-08T16:24:10-07:00,0,0
style.css,225,css,cb843351,xibahbah,2026-05-08,16:24:10,-07:00,2026-05-08T16:24:10-07:00,0,0
style.css,226,css,cb843351,xibahbah,2026-05-08,16:24:10,-07:00,2026-05-08T16:24:10-07:00,0,10
style.css,227,css,cb843351,xibahbah,2026-05-08,16:24:10,-07:00,2026-05-08T16:24:10-07:00,2,10
style.css,228,css,cb843351,xibahbah,2026-05-08,16:24:10,-07:00,2026-05-08T16:24:10-07:00,2,18
style.css,229,css,cb843351,xibahbah,2026-05-08,16:24:10,-07:00,2026-05-08T16:24:10-07:00,2,19
style.css,230,css,cb843351,xibahbah,2026-05-08,16:24:10,-07:00,2026-05-08T16:24:10-07:00,2,32
style.css,231,css,cb843351,xibahbah,2026-05-08,16:24:10,-07:00,2026-05-08T16:24:10-07:00,2,19
style.css,232,css,cb843351,xibahbah,2026-05-08,16:24:10,-07:00,2026-05-08T16:24:10-07:00,2,12
style.css,233,css,cb843351,xibahbah,2026-05-08,16:24:10,-07:00,2026-05-08T16:24:10-07:00,0,0
style.css,234,css,cb843351,xibahbah,2026-05-08,16:24:10,-07:00,2026-05-08T16:24:10-07:00,0,0
style.css,235,css,cb843351,xibahbah,2026-05-08,16:24:10,-07:00,2026-05-08T16:24:10-07:00,0,24
style.css,236,css,cb843351,xibahbah,2026-05-08,16:24:10,-07:00,2026-05-08T16:24:10-07:00,2,16
style.css,237,css,cb843351,xibahbah,2026-05-08,16:24:10,-07:00,2026-05-08T16:24:10-07:00,4,21
style.css,238,css,cb843351,xibahbah,2026-05-08,16:24:10,-07:00,2026-05-08T16:24:10-07:00,4,19
style.css,239,css,cb843351,xibahbah,2026-05-08,16:24:10,-07:00,2026-05-08T16:24:10-07:00,4,7
style.css,240,css,cb843351,xibahbah,2026-05-08,16:24:10,-07:00,2026-05-08T16:24:10-07:00,2,0
style.css,241,css,cb843351,xibahbah,2026-05-08,16:24:10,-07:00,2026-05-08T16:24:10-07:00,0,0
style.css,242,css,cb843351,xibahbah,2026-05-08,16:24:10,-07:00,2026-05-08T16:24:10-07:00,2,18
style.css,243,css,cb843351,xibahbah,2026-05-08,16:24:10,-07:00,2026-05-08T16:24:10-07:00,4,17
style.css,244,css,b46e3080,xibahbah,2026-05-08,16:27:35,-07:00,2026-05-08T16:27:35-07:00,4,15
style.css,245,css,b46e3080,xibahbah,2026-05-08,16:27:35,-07:00,2026-05-08T16:27:35-07:00,4,21
style.css,246,css,b46e3080,xibahbah,2026-05-08,16:27:35,-07:00,2026-05-08T16:27:35-07:00,4,11
style.css,247,css,cb843351,xibahbah,2026-05-08,16:24:10,-07:00,2026-05-08T16:24:10-07:00,4,16
style.css,248,css,cb843351,xibahbah,2026-05-08,16:24:10,-07:00,2026-05-08T16:24:10-07:00,2,0
style.css,249,css,cb843351,xibahbah,2026-05-08,16:24:10,-07:00,2026-05-08T16:24:10-07:00,0,0
style.css,250,css,cb843351,xibahbah,2026-05-08,16:24:10,-07:00,2026-05-08T16:24:10-07:00,0,0
style.css,251,css,b1268f9e,xibahbah,2026-04-25,15:47:11,-07:00,2026-04-25T15:47:11-07:00,0,28
style.css,252,css,b1268f9e,xibahbah,2026-04-25,15:47:11,-07:00,2026-04-25T15:47:11-07:00,0,17
style.css,253,css,b1268f9e,xibahbah,2026-04-25,15:47:11,-07:00,2026-04-25T15:47:11-07:00,2,12
style.css,254,css,b1268f9e,xibahbah,2026-04-25,15:47:11,-07:00,2026-04-25T15:47:11-07:00,2,36
style.css,255,css,b1268f9e,xibahbah,2026-04-25,15:47:11,-07:00,2026-04-25T15:47:11-07:00,2,13
style.css,256,css,b1268f9e,xibahbah,2026-04-25,15:47:11,-07:00,2026-04-25T15:47:11-07:00,2,8
style.css,257,css,b1268f9e,xibahbah,2026-04-25,15:47:11,-07:00,2026-04-25T15:47:11-07:00,0,0
style.css,258,css,b1268f9e,xibahbah,2026-04-25,15:47:11,-07:00,2026-04-25T15:47:11-07:00,0,0
style.css,259,css,b1268f9e,xibahbah,2026-04-25,15:47:11,-07:00,2026-04-25T15:47:11-07:00,0,17
style.css,260,css,b1268f9e,xibahbah,2026-04-25,15:47:11,-07:00,2026-04-25T15:47:11-07:00,2,10
style.css,261,css,b1268f9e,xibahbah,2026-04-25,15:47:11,-07:00,2026-04-25T15:47:11-07:00,2,16
style.css,262,css,b1268f9e,xibahbah,2026-04-25,15:47:11,-07:00,2026-04-25T15:47:11-07:00,2,24
style.css,263,css,b1268f9e,xibahbah,2026-04-25,15:47:11,-07:00,2026-04-25T15:47:11-07:00,2,21
style.css,264,css,b1268f9e,xibahbah,2026-04-25,15:47:11,-07:00,2026-04-25T15:47:11-07:00,2,21
style.css,265,css,b1268f9e,xibahbah,2026-04-25,15:47:11,-07:00,2026-04-25T15:47:11-07:00,0,0
style.css,266,css,b1268f9e,xibahbah,2026-04-25,15:47:11,-07:00,2026-04-25T15:47:11-07:00,0,0
style.css,267,css,b1268f9e,xibahbah,2026-04-25,15:47:11,-07:00,2026-04-25T15:47:11-07:00,0,17
style.css,268,css,b1268f9e,xibahbah,2026-04-25,15:47:11,-07:00,2026-04-25T15:47:11-07:00,2,10
style.css,269,css,b1268f9e,xibahbah,2026-04-25,15:47:11,-07:00,2026-04-25T15:47:11-07:00,2,8
style.css,270,css,b1268f9e,xibahbah,2026-04-25,15:47:11,-07:00,2026-04-25T15:47:11-07:00,2,15
style.css,271,css,b1268f9e,xibahbah,2026-04-25,15:47:11,-07:00,2026-04-25T15:47:11-07:00,2,15
style.css,272,css,b1268f9e,xibahbah,2026-04-25,15:47:11,-07:00,2026-04-25T15:47:11-07:00,0,0
style.css,273,css,b1268f9e,xibahbah,2026-04-25,15:47:11,-07:00,2026-04-25T15:47:11-07:00,0,0
style.css,274,css,00000000,Not Committed Yet,2026-05-08,20:55:31,-07:00,2026-05-08T20:55:31-07:00,0,37
style.css,275,css,00000000,Not Committed Yet,2026-05-08,20:55:31,-07:00,2026-05-08T20:55:31-07:00,0,12
style.css,276,css,00000000,Not Committed Yet,2026-05-08,20:55:31,-07:00,2026-05-08T20:55:31-07:00,2,21
style.css,277,css,00000000,Not Committed Yet,2026-05-08,20:55:31,-07:00,2026-05-08T20:55:31-07:00,2,39
style.css,278,css,00000000,Not Committed Yet,2026-05-08,20:55:31,-07:00,2026-05-08T20:55:31-07:00,2,17
style.css,279,css,00000000,Not Committed Yet,2026-05-08,20:55:31,-07:00,2026-05-08T20:55:31-07:00,0,0
style.css,280,css,00000000,Not Committed Yet,2026-05-08,20:55:31,-07:00,2026-05-08T20:55:31-07:00,0,0
style.css,281,css,00000000,Not Committed Yet,2026-05-08,20:55:31,-07:00,2026-05-08T20:55:31-07:00,0,15
style.css,282,css,00000000,Not Committed Yet,2026-05-08,20:55:31,-07:00,2026-05-08T20:55:31-07:00,2,16
style.css,283,css,00000000,Not Committed Yet,2026-05-08,20:55:31,-07:00,2026-05-08T20:55:31-07:00,0,0
style.css,284,css,00000000,Not Committed Yet,2026-05-08,20:55:31,-07:00,2026-05-08T20:55:31-07:00,0,0
style.css,285,css,00000000,Not Committed Yet,2026-05-08,20:55:31,-07:00,2026-05-08T20:55:31-07:00,0,14
style.css,286,css,00000000,Not Committed Yet,2026-05-08,20:55:31,-07:00,2026-05-08T20:55:31-07:00,2,8
style.css,287,css,00000000,Not Committed Yet,2026-05-08,20:55:31,-07:00,2026-05-08T20:55:31-07:00,2,21
style.css,288,css,00000000,Not Committed Yet,2026-05-08,20:55:31,-07:00,2026-05-08T20:55:31-07:00,2,16
style.css,289,css,00000000,Not Committed Yet,2026-05-08,20:55:31,-07:00,2026-05-08T20:55:31-07:00,0,0
style.css,290,css,00000000,Not Committed Yet,2026-05-08,20:55:31,-07:00,2026-05-08T20:55:31-07:00,0,0
style.css,291,css,00000000,Not Committed Yet,2026-05-08,20:55:31,-07:00,2026-05-08T20:55:31-07:00,0,6
style.css,292,css,00000000,Not Committed Yet,2026-05-08,20:55:31,-07:00,2026-05-08T20:55:31-07:00,2,12
style.css,293,css,00000000,Not Committed Yet,2026-05-08,20:55:31,-07:00,2026-05-08T20:55:31-07:00,2,37
style.css,294,css,00000000,Not Committed Yet,2026-05-08,20:55:31,-07:00,2026-05-08T20:55:31-07:00,2,14
style.css,295,css,00000000,Not Committed Yet,2026-05-08,20:55:31,-07:00,2026-05-08T20:55:31-07:00,0,0
style.css,296,css,00000000,Not Committed Yet,2026-05-08,20:55:31,-07:00,2026-05-08T20:55:31-07:00,0,0
style.css,297,css,00000000,Not Committed Yet,2026-05-08,20:55:31,-07:00,2026-05-08T20:55:31-07:00,0,8
style.css,298,css,00000000,Not Committed Yet,2026-05-08,20:55:31,-07:00,2026-05-08T20:55:31-07:00,0,10
style.css,299,css,00000000,Not Committed Yet,2026-05-08,20:55:31,-07:00,2026-05-08T20:55:31-07:00,2,21
style.css,300,css,00000000,Not Committed Yet,2026-05-08,20:55:31,-07:00,2026-05-08T20:55:31-07:00,2,15
style.css,301,css,00000000,Not Committed Yet,2026-05-08,20:55:31,-07:00,2026-05-08T20:55:31-07:00,2,15
style.css,302,css,00000000,Not Committed Yet,2026-05-08,20:55:31,-07:00,2026-05-08T20:55:31-07:00,2,24
style.css,303,css,00000000,Not Committed Yet,2026-05-08,20:55:31,-07:00,2026-05-08T20:55:31-07:00,0,0
style.css,304,css,00000000,Not Committed Yet,2026-05-08,20:55:31,-07:00,2026-05-08T20:55:31-07:00,0,0
style.css,305,css,00000000,Not Committed Yet,2026-05-08,20:55:31,-07:00,2026-05-08T20:55:31-07:00,0,8
style.css,306,css,00000000,Not Committed Yet,2026-05-08,20:55:31,-07:00,2026-05-08T20:55:31-07:00,0,10
style.css,307,css,00000000,Not Committed Yet,2026-05-08,20:55:31,-07:00,2026-05-08T20:55:31-07:00,2,8
style.css,308,css,00000000,Not Committed Yet,2026-05-08,20:55:31,-07:00,2026-05-08T20:55:31-07:00,0,0
style.css,309,css,00000000,Not Committed Yet,2026-05-08,20:55:31,-07:00,2026-05-08T20:55:31-07:00,0,0
style.css,310,css,00000000,Not Committed Yet,2026-05-08,20:55:31,-07:00,2026-05-08T20:55:31-07:00,0,13
style.css,311,css,00000000,Not Committed Yet,2026-05-08,20:55:31,-07:00,2026-05-08T20:55:31-07:00,2,47
style.css,312,css,00000000,Not Committed Yet,2026-05-08,20:55:31,-07:00,2026-05-08T20:55:31-07:00,2,7
style.css,313,css,00000000,Not Committed Yet,2026-05-08,20:55:31,-07:00,2026-05-08T20:55:31-07:00,2,22
style.css,314,css,00000000,Not Committed Yet,2026-05-08,20:55:31,-07:00,2026-05-08T20:55:31-07:00,0,0
style.css,315,css,00000000,Not Committed Yet,2026-05-08,20:55:31,-07:00,2026-05-08T20:55:31-07:00,0,0
style.css,316,css,00000000,Not Committed Yet,2026-05-08,20:55:31,-07:00,2026-05-08T20:55:31-07:00,0,16
style.css,317,css,00000000,Not Committed Yet,2026-05-08,20:55:31,-07:00,2026-05-08T20:55:31-07:00,2,13
style.css,318,css,00000000,Not Committed Yet,2026-05-08,20:55:31,-07:00,2026-05-08T20:55:31-07:00,0,0
style.css,319,css,00000000,Not Committed Yet,2026-05-08,20:55:31,-07:00,2026-05-08T20:55:31-07:00,0,0
style.css,320,css,00000000,Not Committed Yet,2026-05-08,20:55:31,-07:00,2026-05-08T20:55:31-07:00,0,16
style.css,321,css,00000000,Not Committed Yet,2026-05-08,20:55:31,-07:00,2026-05-08T20:55:31-07:00,2,15
style.css,322,css,00000000,Not Committed Yet,2026-05-08,20:55:31,-07:00,2026-05-08T20:55:31-07:00,2,15
style.css,323,css,00000000,Not Committed Yet,2026-05-08,20:55:31,-07:00,2026-05-08T20:55:31-07:00,0,0
style.css,324,css,00000000,Not Committed Yet,2026-05-08,20:55:31,-07:00,2026-05-08T20:55:31-07:00,0,0
style.css,325,css,00000000,Not Committed Yet,2026-05-08,20:55:31,-07:00,2026-05-08T20:55:31-07:00,0,6
style.css,326,css,00000000,Not Committed Yet,2026-05-08,20:55:31,-07:00,2026-05-08T20:55:31-07:00,2,18
style.css,327,css,00000000,Not Committed Yet,2026-05-08,20:55:31,-07:00,2026-05-08T20:55:31-07:00,0,0
style.css,328,css,00000000,Not Committed Yet,2026-05-08,20:55:31,-07:00,2026-05-08T20:55:31-07:00,0,0
style.css,329,css,00000000,Not Committed Yet,2026-05-08,20:55:31,-07:00,2026-05-08T20:55:31-07:00,0,10
style.css,330,css,00000000,Not Committed Yet,2026-05-08,20:55:31,-07:00,2026-05-08T20:55:31-07:00,2,10
style.css,331,css,00000000,Not Committed Yet,2026-05-08,20:55:31,-07:00,2026-05-08T20:55:31-07:00,2,14
style.css,332,css,00000000,Not Committed Yet,2026-05-08,20:55:31,-07:00,2026-05-08T20:55:31-07:00,2,13
style.css,333,css,00000000,Not Committed Yet,2026-05-08,20:55:31,-07:00,2026-05-08T20:55:31-07:00,0,0
style.css,334,css,00000000,Not Committed Yet,2026-05-08,20:55:31,-07:00,2026-05-08T20:55:31-07:00,0,0
style.css,335,css,00000000,Not Committed Yet,2026-05-08,20:55:31,-07:00,2026-05-08T20:55:31-07:00,0,15
style.css,336,css,00000000,Not Committed Yet,2026-05-08,20:55:31,-07:00,2026-05-08T20:55:31-07:00,2,28
style.css,337,css,00000000,Not Committed Yet,2026-05-08,20:55:31,-07:00,2026-05-08T20:55:31-07:00,0,0
style.css,338,css,00000000,Not Committed Yet,2026-05-08,20:55:31,-07:00,2026-05-08T20:55:31-07:00,0,0
style.css,339,css,00000000,Not Committed Yet,2026-05-08,20:55:31,-07:00,2026-05-08T20:55:31-07:00,0,14
style.css,340,css,00000000,Not Committed Yet,2026-05-08,20:55:31,-07:00,2026-05-08T20:55:31-07:00,0,14
style.css,341,css,00000000,Not Committed Yet,2026-05-08,20:55:31,-07:00,2026-05-08T20:55:31-07:00,2,28
style.css,342,css,00000000,Not Committed Yet,2026-05-08,20:55:31,-07:00,2026-05-08T20:55:31-07:00,0,0
style.css,343,css,00000000,Not Committed Yet,2026-05-08,20:55:31,-07:00,2026-05-08T20:55:31-07:00,0,0
style.css,344,css,00000000,Not Committed Yet,2026-05-08,20:55:31,-07:00,2026-05-08T20:55:31-07:00,0,13
style.css,345,css,00000000,Not Committed Yet,2026-05-08,20:55:31,-07:00,2026-05-08T20:55:31-07:00,2,14
style.css,346,css,00000000,Not Committed Yet,2026-05-08,20:55:31,-07:00,2026-05-08T20:55:31-07:00,2,16
style.css,347,css,00000000,Not Committed Yet,2026-05-08,20:55:31,-07:00,2026-05-08T20:55:31-07:00,2,23
style.css,348,css,00000000,Not Committed Yet,2026-05-08,20:55:31,-07:00,2026-05-08T20:55:31-07:00,2,22
style.css,349,css,00000000,Not Committed Yet,2026-05-08,20:55:31,-07:00,2026-05-08T20:55:31-07:00,0,0
style.css,350,css,00000000,Not Committed Yet,2026-05-08,20:55:31,-07:00,2026-05-08T20:55:31-07:00,0,0
style.css,351,css,00000000,Not Committed Yet,2026-05-08,20:55:31,-07:00,2026-05-08T20:55:31-07:00,0,19
style.css,352,css,00000000,Not Committed Yet,2026-05-08,20:55:31,-07:00,2026-05-08T20:55:31-07:00,2,20
style.css,353,css,00000000,Not Committed Yet,2026-05-08,20:55:31,-07:00,2026-05-08T20:55:31-07:00,0,0
style.css,354,css,00000000,Not Committed Yet,2026-05-08,20:55:31,-07:00,2026-05-08T20:55:31-07:00,0,0
style.css,355,css,00000000,Not Committed Yet,2026-05-08,20:55:31,-07:00,2026-05-08T20:55:31-07:00,0,22
style.css,356,css,00000000,Not Committed Yet,2026-05-08,20:55:31,-07:00,2026-05-08T20:55:31-07:00,2,12
style.css,357,css,00000000,Not Committed Yet,2026-05-08,20:55:31,-07:00,2026-05-08T20:55:31-07:00,2,12
style.css,358,css,00000000,Not Committed Yet,2026-05-08,20:55:31,-07:00,2026-05-08T20:55:31-07:00,2,18
style.css,359,css,00000000,Not Committed Yet,2026-05-08,20:55:31,-07:00,2026-05-08T20:55:31-07:00,2,25
style.css,360,css,00000000,Not Committed Yet,2026-05-08,20:55:31,-07:00,2026-05-08T20:55:31-07:00,0,0
style.css,361,css,00000000,Not Committed Yet,2026-05-08,20:55:31,-07:00,2026-05-08T20:55:31-07:00,0,0
style.css,362,css,00000000,Not Committed Yet,2026-05-08,20:55:31,-07:00,2026-05-08T20:55:31-07:00,0,7
style.css,363,css,00000000,Not Committed Yet,2026-05-08,20:55:31,-07:00,2026-05-08T20:55:31-07:00,2,12
style.css,364,css,00000000,Not Committed Yet,2026-05-08,20:55:31,-07:00,2026-05-08T20:55:31-07:00,2,37
style.css,365,css,00000000,Not Committed Yet,2026-05-08,20:55:31,-07:00,2026-05-08T20:55:31-07:00,2,16
style.css,366,css,00000000,Not Committed Yet,2026-05-08,20:55:31,-07:00,2026-05-08T20:55:31-07:00,2,8
style.css,367,css,00000000,Not Committed Yet,2026-05-08,20:55:31,-07:00,2026-05-08T20:55:31-07:00,2,25
style.css,368,css,00000000,Not Committed Yet,2026-05-08,20:55:31,-07:00,2026-05-08T20:55:31-07:00,2,39
style.css,369,css,00000000,Not Committed Yet,2026-05-08,20:55:31,-07:00,2026-05-08T20:55:31-07:00,0,0
style.css,370,css,00000000,Not Committed Yet,2026-05-08,20:55:31,-07:00,2026-05-08T20:55:31-07:00,0,0
style.css,371,css,00000000,Not Committed Yet,2026-05-08,20:55:31,-07:00,2026-05-08T20:55:31-07:00,0,42
style.css,372,css,00000000,Not Committed Yet,2026-05-08,20:55:31,-07:00,2026-05-08T20:55:31-07:00,2,9
style.css,373,css,00000000,Not Committed Yet,2026-05-08,20:55:31,-07:00,2026-05-08T20:55:31-07:00,2,17
style.css,374,css,00000000,Not Committed Yet,2026-05-08,20:55:31,-07:00,2026-05-08T20:55:31-07:00,0,0
style.css,375,css,00000000,Not Committed Yet,2026-05-08,20:55:31,-07:00,2026-05-08T20:55:31-07:00,0,0
style.css,376,css,00000000,Not Committed Yet,2026-05-08,20:55:31,-07:00,2026-05-08T20:55:31-07:00,0,8
style.css,377,css,00000000,Not Committed Yet,2026-05-08,20:55:31,-07:00,2026-05-08T20:55:31-07:00,2,14
style.css,378,css,00000000,Not Committed Yet,2026-05-08,20:55:31,-07:00,2026-05-08T20:55:31-07:00,2,7
style.css,379,css,00000000,Not Committed Yet,2026-05-08,20:55:31,-07:00,2026-05-08T20:55:31-07:00,2,8
style.css,380,css,00000000,Not Committed Yet,2026-05-08,20:55:31,-07:00,2026-05-08T20:55:31-07:00,2,38
style.css,381,css,00000000,Not Committed Yet,2026-05-08,20:55:31,-07:00,2026-05-08T20:55:31-07:00,2,18
style.css,382,css,00000000,Not Committed Yet,2026-05-08,20:55:31,-07:00,2026-05-08T20:55:31-07:00,2,32
style.css,383,css,00000000,Not Committed Yet,2026-05-08,20:55:31,-07:00,2026-05-08T20:55:31-07:00,2,19
style.css,384,css,00000000,Not Committed Yet,2026-05-08,20:55:31,-07:00,2026-05-08T20:55:31-07:00,2,17
style.css,385,css,00000000,Not Committed Yet,2026-05-08,20:55:31,-07:00,2026-05-08T20:55:31-07:00,2,42
style.css,386,css,00000000,Not Committed Yet,2026-05-08,20:55:31,-07:00,2026-05-08T20:55:31-07:00,2,10
style.css,387,css,00000000,Not Committed Yet,2026-05-08,20:55:31,-07:00,2026-05-08T20:55:31-07:00,0,0
style.css,388,css,00000000,Not Committed Yet,2026-05-08,20:55:31,-07:00,2026-05-08T20:55:31-07:00,0,0
style.css,389,css,00000000,Not Committed Yet,2026-05-08,20:55:31,-07:00,2026-05-08T20:55:31-07:00,0,24
style.css,390,css,00000000,Not Committed Yet,2026-05-08,20:55:31,-07:00,2026-05-08T20:55:31-07:00,2,2
style.css,391,css,00000000,Not Committed Yet,2026-05-08,20:55:31,-07:00,2026-05-08T20:55:31-07:00,4,20
style.css,392,css,00000000,Not Committed Yet,2026-05-08,20:55:31,-07:00,2026-05-08T20:55:31-07:00,2,0
style.css,393,css,00000000,Not Committed Yet,2026-05-08,20:55:31,-07:00,2026-05-08T20:55:31-07:00,0,0
style.css,394,css,00000000,Not Committed Yet,2026-05-08,20:55:31,-07:00,2026-05-08T20:55:31-07:00,0,0
style.css,395,css,00000000,Not Committed Yet,2026-05-08,20:55:31,-07:00,2026-05-08T20:55:31-07:00,0,10
style.css,396,css,00000000,Not Committed Yet,2026-05-08,20:55:31,-07:00,2026-05-08T20:55:31-07:00,2,16
style.css,397,css,00000000,Not Committed Yet,2026-05-08,20:55:31,-07:00,2026-05-08T20:55:31-07:00,2,19
style.css,398,css,00000000,Not Committed Yet,2026-05-08,20:55:31,-07:00,2026-05-08T20:55:31-07:00,2,18
style.css,399,css,00000000,Not Committed Yet,2026-05-08,20:55:31,-07:00,2026-05-08T20:55:31-07:00,2,20
style.css,400,css,00000000,Not Committed Yet,2026-05-08,20:55:31,-07:00,2026-05-08T20:55:31-07:00,2,42
style.css,401,css,00000000,Not Committed Yet,2026-05-08,20:55:31,-07:00,2026-05-08T20:55:31-07:00,0,0
style.css,402,css,00000000,Not Committed Yet,2026-05-08,20:55:31,-07:00,2026-05-08T20:55:31-07:00,0,0
style.css,403,css,00000000,Not Committed Yet,2026-05-08,20:55:31,-07:00,2026-05-08T20:55:31-07:00,0,16
style.css,404,css,00000000,Not Committed Yet,2026-05-08,20:55:31,-07:00,2026-05-08T20:55:31-07:00,2,15
style.css,405,css,00000000,Not Committed Yet,2026-05-08,20:55:31,-07:00,2026-05-08T20:55:31-07:00,0,0
style.css,406,css,00000000,Not Committed Yet,2026-05-08,20:55:31,-07:00,2026-05-08T20:55:31-07:00,0,0
style.css,407,css,8d8d8b7b,xibahbah,2026-04-11,21:54:21,-07:00,2026-04-11T21:54:21-07:00,0,34
style.css,408,css,8d8d8b7b,xibahbah,2026-04-11,21:54:21,-07:00,2026-04-11T21:54:21-07:00,0,11
style.css,409,css,8d8d8b7b,xibahbah,2026-04-11,21:54:21,-07:00,2026-04-11T21:54:21-07:00,2,18
style.css,410,css,8d8d8b7b,xibahbah,2026-04-11,21:54:21,-07:00,2026-04-11T21:54:21-07:00,0,0
style.css,411,css,8d8d8b7b,xibahbah,2026-04-11,21:54:21,-07:00,2026-04-11T21:54:21-07:00,0,0
style.css,412,css,8d8d8b7b,xibahbah,2026-04-11,21:54:21,-07:00,2026-04-11T21:54:21-07:00,0,14
style.css,413,css,8d8d8b7b,xibahbah,2026-04-11,21:54:21,-07:00,2026-04-11T21:54:21-07:00,2,41
style.css,414,css,8d8d8b7b,xibahbah,2026-04-11,21:54:21,-07:00,2026-04-11T21:54:21-07:00,2,21
style.css,415,css,8d8d8b7b,xibahbah,2026-04-11,21:54:21,-07:00,2026-04-11T21:54:21-07:00,2,20
style.css,416,css,8d8d8b7b,xibahbah,2026-04-11,21:54:21,-07:00,2026-04-11T21:54:21-07:00,0,0
style.css,417,css,8d8d8b7b,xibahbah,2026-04-11,21:54:21,-07:00,2026-04-11T21:54:21-07:00,0,0
style.css,418,css,8d8d8b7b,xibahbah,2026-04-11,21:54:21,-07:00,2026-04-11T21:54:21-07:00,0,9
style.css,419,css,8d8d8b7b,xibahbah,2026-04-11,21:54:21,-07:00,2026-04-11T21:54:21-07:00,2,12
style.css,420,css,8d8d8b7b,xibahbah,2026-04-11,21:54:21,-07:00,2026-04-11T21:54:21-07:00,2,30
style.css,421,css,8d8d8b7b,xibahbah,2026-04-11,21:54:21,-07:00,2026-04-11T21:54:21-07:00,2,14
style.css,422,css,8d8d8b7b,xibahbah,2026-04-11,21:54:21,-07:00,2026-04-11T21:54:21-07:00,2,17
style.css,423,css,8d8d8b7b,xibahbah,2026-04-11,21:54:21,-07:00,2026-04-11T21:54:21-07:00,0,0
style.css,424,css,8d8d8b7b,xibahbah,2026-04-11,21:54:21,-07:00,2026-04-11T21:54:21-07:00,0,0
style.css,425,css,8d8d8b7b,xibahbah,2026-04-11,21:54:21,-07:00,2026-04-11T21:54:21-07:00,0,12
style.css,426,css,8d8d8b7b,xibahbah,2026-04-11,21:54:21,-07:00,2026-04-11T21:54:21-07:00,2,8
style.css,427,css,8d8d8b7b,xibahbah,2026-04-11,21:54:21,-07:00,2026-04-11T21:54:21-07:00,2,13
style.css,428,css,8d8d8b7b,xibahbah,2026-04-11,21:54:21,-07:00,2026-04-11T21:54:21-07:00,0,0
style.css,429,css,8d8d8b7b,xibahbah,2026-04-11,21:54:21,-07:00,2026-04-11T21:54:21-07:00,0,0
style.css,430,css,8d8d8b7b,xibahbah,2026-04-11,21:54:21,-07:00,2026-04-11T21:54:21-07:00,0,18
style.css,431,css,8d8d8b7b,xibahbah,2026-04-11,21:54:21,-07:00,2026-04-11T21:54:21-07:00,2,16
style.css,432,css,8d8d8b7b,xibahbah,2026-04-11,21:54:21,-07:00,2026-04-11T21:54:21-07:00,2,21
style.css,433,css,8d8d8b7b,xibahbah,2026-04-11,21:54:21,-07:00,2026-04-11T21:54:21-07:00,2,16
style.css,434,css,8d8d8b7b,xibahbah,2026-04-11,21:54:21,-07:00,2026-04-11T21:54:21-07:00,2,18
style.css,435,css,8d8d8b7b,xibahbah,2026-04-11,21:54:21,-07:00,2026-04-11T21:54:21-07:00,0,0
style.css,436,css,8d8d8b7b,xibahbah,2026-04-11,21:54:21,-07:00,2026-04-11T21:54:21-07:00,0,0
style.css,437,css,8d8d8b7b,xibahbah,2026-04-11,21:54:21,-07:00,2026-04-11T21:54:21-07:00,0,11
style.css,438,css,8d8d8b7b,xibahbah,2026-04-11,21:54:21,-07:00,2026-04-11T21:54:21-07:00,2,18
style.css,439,css,8d8d8b7b,xibahbah,2026-04-11,21:54:21,-07:00,2026-04-11T21:54:21-07:00,2,8
style.css,440,css,8d8d8b7b,xibahbah,2026-04-11,21:54:21,-07:00,2026-04-11T21:54:21-07:00,2,15
style.css,441,css,8d8d8b7b,xibahbah,2026-04-11,21:54:21,-07:00,2026-04-11T21:54:21-07:00,0,0
index.js,1,js,b1268f9e,xibahbah,2026-04-25,15:47:11,-07:00,2026-04-25T15:47:11-07:00,0,71
index.js,2,js,b1268f9e,xibahbah,2026-04-25,15:47:11,-07:00,2026-04-25T15:47:11-07:00,0,0
index.js,3,js,b1268f9e,xibahbah,2026-04-25,15:47:11,-07:00,2026-04-25T15:47:11-07:00,0,54
index.js,4,js,b1268f9e,xibahbah,2026-04-25,15:47:11,-07:00,2026-04-25T15:47:11-07:00,0,42
index.js,5,js,b1268f9e,xibahbah,2026-04-25,15:47:11,-07:00,2026-04-25T15:47:11-07:00,0,60
index.js,6,js,b1268f9e,xibahbah,2026-04-25,15:47:11,-07:00,2026-04-25T15:47:11-07:00,0,54
index.js,7,js,b1268f9e,xibahbah,2026-04-25,15:47:11,-07:00,2026-04-25T15:47:11-07:00,0,0
index.js,8,js,b1268f9e,xibahbah,2026-04-25,15:47:11,-07:00,2026-04-25T15:47:11-07:00,0,51
index.js,9,js,b1268f9e,xibahbah,2026-04-25,15:47:11,-07:00,2026-04-25T15:47:11-07:00,0,60
index.js,10,js,e0883cad,xibahbah,2026-04-25,15:52:37,-07:00,2026-04-25T15:52:37-07:00,0,31
index.js,11,js,b1268f9e,xibahbah,2026-04-25,15:47:11,-07:00,2026-04-25T15:47:11-07:00,1,24
index.js,12,js,b1268f9e,xibahbah,2026-04-25,15:47:11,-07:00,2026-04-25T15:47:11-07:00,2,2
index.js,13,js,b1268f9e,xibahbah,2026-04-25,15:47:11,-07:00,2026-04-25T15:47:11-07:00,3,54
index.js,14,js,b1268f9e,xibahbah,2026-04-25,15:47:11,-07:00,2026-04-25T15:47:11-07:00,3,54
index.js,15,js,b1268f9e,xibahbah,2026-04-25,15:47:11,-07:00,2026-04-25T15:47:11-07:00,3,48
index.js,16,js,b1268f9e,xibahbah,2026-04-25,15:47:11,-07:00,2026-04-25T15:47:11-07:00,3,48
index.js,17,js,b1268f9e,xibahbah,2026-04-25,15:47:11,-07:00,2026-04-25T15:47:11-07:00,2,3
index.js,18,js,b1268f9e,xibahbah,2026-04-25,15:47:11,-07:00,2026-04-25T15:47:11-07:00,1,0
index.js,19,js,b1268f9e,xibahbah,2026-04-25,15:47:11,-07:00,2026-04-25T15:47:11-07:00,0,0
index.html,1,html,f1caba7c,xibahbah,2026-04-04,16:06:17,-07:00,2026-04-04T16:06:17-07:00,0,13
index.html,2,html,618ff204,xibahbah,2026-04-11,22:08:04,-07:00,2026-04-11T22:08:04-07:00,0,14
index.html,3,html,f1caba7c,xibahbah,2026-04-04,16:06:17,-07:00,2026-04-04T16:06:17-07:00,0,4
index.html,4,html,f1caba7c,xibahbah,2026-04-04,16:06:17,-07:00,2026-04-04T16:06:17-07:00,2,20
index.html,5,html,f1caba7c,xibahbah,2026-04-04,16:06:17,-07:00,2026-04-04T16:06:17-07:00,2,68
index.html,6,html,618ff204,xibahbah,2026-04-11,22:08:04,-07:00,2026-04-11T22:08:04-07:00,2,35
index.html,7,html,9aa906ca,xibahbah,2026-04-04,16:32:01,-07:00,2026-04-04T16:32:01-07:00,2,38
index.html,8,html,b1268f9e,xibahbah,2026-04-25,15:47:11,-07:00,2026-04-25T15:47:11-07:00,2,45
index.html,9,html,b1268f9e,xibahbah,2026-04-25,15:47:11,-07:00,2026-04-25T15:47:11-07:00,2,44
index.html,10,html,fa940457,xibahbah,2026-04-04,16:57:21,-07:00,2026-04-04T16:57:21-07:00,2,5
index.html,11,html,618ff204,xibahbah,2026-04-11,22:08:04,-07:00,2026-04-11T22:08:04-07:00,4,5
index.html,12,html,618ff204,xibahbah,2026-04-11,22:08:04,-07:00,2026-04-11T22:08:04-07:00,6,12
index.html,13,html,618ff204,xibahbah,2026-04-11,22:08:04,-07:00,2026-04-11T22:08:04-07:00,6,30
index.html,14,html,618ff204,xibahbah,2026-04-11,22:08:04,-07:00,2026-04-11T22:08:04-07:00,6,7
index.html,15,html,618ff204,xibahbah,2026-04-11,22:08:04,-07:00,2026-04-11T22:08:04-07:00,6,18
index.html,16,html,618ff204,xibahbah,2026-04-11,22:08:04,-07:00,2026-04-11T22:08:04-07:00,6,21
index.html,17,html,fa940457,xibahbah,2026-04-04,16:57:21,-07:00,2026-04-04T16:57:21-07:00,4,0
index.html,18,html,fa940457,xibahbah,2026-04-04,16:57:21,-07:00,2026-04-04T16:57:21-07:00,0,0
index.html,19,html,618ff204,xibahbah,2026-04-11,22:08:04,-07:00,2026-04-11T22:08:04-07:00,4,8
index.html,20,html,618ff204,xibahbah,2026-04-11,22:08:04,-07:00,2026-04-11T22:08:04-07:00,6,34
index.html,21,html,618ff204,xibahbah,2026-04-11,22:08:04,-07:00,2026-04-11T22:08:04-07:00,6,16
index.html,22,html,618ff204,xibahbah,2026-04-11,22:08:04,-07:00,2026-04-11T22:08:04-07:00,4,0
index.html,23,html,618ff204,xibahbah,2026-04-11,22:08:04,-07:00,2026-04-11T22:08:04-07:00,0,0
index.html,24,html,618ff204,xibahbah,2026-04-11,22:08:04,-07:00,2026-04-11T22:08:04-07:00,4,7
index.html,25,html,618ff204,xibahbah,2026-04-11,22:08:04,-07:00,2026-04-11T22:08:04-07:00,6,15
index.html,26,html,618ff204,xibahbah,2026-04-11,22:08:04,-07:00,2026-04-11T22:08:04-07:00,6,21
index.html,27,html,618ff204,xibahbah,2026-04-11,22:08:04,-07:00,2026-04-11T22:08:04-07:00,6,14
index.html,28,html,618ff204,xibahbah,2026-04-11,22:08:04,-07:00,2026-04-11T22:08:04-07:00,6,16
index.html,29,html,618ff204,xibahbah,2026-04-11,22:08:04,-07:00,2026-04-11T22:08:04-07:00,4,0
index.html,30,html,618ff204,xibahbah,2026-04-11,22:08:04,-07:00,2026-04-11T22:08:04-07:00,0,0
index.html,31,html,618ff204,xibahbah,2026-04-11,22:08:04,-07:00,2026-04-11T22:08:04-07:00,4,15
index.html,32,html,618ff204,xibahbah,2026-04-11,22:08:04,-07:00,2026-04-11T22:08:04-07:00,6,11
index.html,33,html,618ff204,xibahbah,2026-04-11,22:08:04,-07:00,2026-04-11T22:08:04-07:00,6,20
index.html,34,html,618ff204,xibahbah,2026-04-11,22:08:04,-07:00,2026-04-11T22:08:04-07:00,6,13
index.html,35,html,618ff204,xibahbah,2026-04-11,22:08:04,-07:00,2026-04-11T22:08:04-07:00,6,42
index.html,36,html,618ff204,xibahbah,2026-04-11,22:08:04,-07:00,2026-04-11T22:08:04-07:00,4,0
index.html,37,html,618ff204,xibahbah,2026-04-11,22:08:04,-07:00,2026-04-11T22:08:04-07:00,0,0
index.html,38,html,618ff204,xibahbah,2026-04-11,22:08:04,-07:00,2026-04-11T22:08:04-07:00,4,24
index.html,39,html,618ff204,xibahbah,2026-04-11,22:08:04,-07:00,2026-04-11T22:08:04-07:00,6,5
index.html,40,html,618ff204,xibahbah,2026-04-11,22:08:04,-07:00,2026-04-11T22:08:04-07:00,8,25
index.html,41,html,618ff204,xibahbah,2026-04-11,22:08:04,-07:00,2026-04-11T22:08:04-07:00,8,17
index.html,42,html,618ff204,xibahbah,2026-04-11,22:08:04,-07:00,2026-04-11T22:08:04-07:00,6,0
index.html,43,html,618ff204,xibahbah,2026-04-11,22:08:04,-07:00,2026-04-11T22:08:04-07:00,0,0
index.html,44,html,618ff204,xibahbah,2026-04-11,22:08:04,-07:00,2026-04-11T22:08:04-07:00,6,11
index.html,45,html,618ff204,xibahbah,2026-04-11,22:08:04,-07:00,2026-04-11T22:08:04-07:00,8,19
index.html,46,html,618ff204,xibahbah,2026-04-11,22:08:04,-07:00,2026-04-11T22:08:04-07:00,8,8
index.html,47,html,618ff204,xibahbah,2026-04-11,22:08:04,-07:00,2026-04-11T22:08:04-07:00,6,0
index.html,48,html,618ff204,xibahbah,2026-04-11,22:08:04,-07:00,2026-04-11T22:08:04-07:00,0,0
index.html,49,html,618ff204,xibahbah,2026-04-11,22:08:04,-07:00,2026-04-11T22:08:04-07:00,6,7
index.html,50,html,618ff204,xibahbah,2026-04-11,22:08:04,-07:00,2026-04-11T22:08:04-07:00,8,14
index.html,51,html,618ff204,xibahbah,2026-04-11,22:08:04,-07:00,2026-04-11T22:08:04-07:00,6,0
index.html,52,html,618ff204,xibahbah,2026-04-11,22:08:04,-07:00,2026-04-11T22:08:04-07:00,0,0
index.html,53,html,618ff204,xibahbah,2026-04-11,22:08:04,-07:00,2026-04-11T22:08:04-07:00,6,10
index.html,54,html,618ff204,xibahbah,2026-04-11,22:08:04,-07:00,2026-04-11T22:08:04-07:00,8,22
index.html,55,html,618ff204,xibahbah,2026-04-11,22:08:04,-07:00,2026-04-11T22:08:04-07:00,6,0
index.html,56,html,618ff204,xibahbah,2026-04-11,22:08:04,-07:00,2026-04-11T22:08:04-07:00,4,0
index.html,57,html,618ff204,xibahbah,2026-04-11,22:08:04,-07:00,2026-04-11T22:08:04-07:00,0,0
index.html,58,html,618ff204,xibahbah,2026-04-11,22:08:04,-07:00,2026-04-11T22:08:04-07:00,4,10
index.html,59,html,618ff204,xibahbah,2026-04-11,22:08:04,-07:00,2026-04-11T22:08:04-07:00,6,12
index.html,60,html,618ff204,xibahbah,2026-04-11,22:08:04,-07:00,2026-04-11T22:08:04-07:00,6,10
index.html,61,html,618ff204,xibahbah,2026-04-11,22:08:04,-07:00,2026-04-11T22:08:04-07:00,6,14
index.html,62,html,618ff204,xibahbah,2026-04-11,22:08:04,-07:00,2026-04-11T22:08:04-07:00,4,0
index.html,63,html,618ff204,xibahbah,2026-04-11,22:08:04,-07:00,2026-04-11T22:08:04-07:00,0,0
index.html,64,html,618ff204,xibahbah,2026-04-11,22:08:04,-07:00,2026-04-11T22:08:04-07:00,4,4
index.html,65,html,618ff204,xibahbah,2026-04-11,22:08:04,-07:00,2026-04-11T22:08:04-07:00,6,20
index.html,66,html,618ff204,xibahbah,2026-04-11,22:08:04,-07:00,2026-04-11T22:08:04-07:00,6,20
index.html,67,html,618ff204,xibahbah,2026-04-11,22:08:04,-07:00,2026-04-11T22:08:04-07:00,6,19
index.html,68,html,618ff204,xibahbah,2026-04-11,22:08:04,-07:00,2026-04-11T22:08:04-07:00,6,20
index.html,69,html,618ff204,xibahbah,2026-04-11,22:08:04,-07:00,2026-04-11T22:08:04-07:00,6,15
index.html,70,html,618ff204,xibahbah,2026-04-11,22:08:04,-07:00,2026-04-11T22:08:04-07:00,6,16
index.html,71,html,618ff204,xibahbah,2026-04-11,22:08:04,-07:00,2026-04-11T22:08:04-07:00,6,23
index.html,72,html,618ff204,xibahbah,2026-04-11,22:08:04,-07:00,2026-04-11T22:08:04-07:00,4,0
index.html,73,html,618ff204,xibahbah,2026-04-11,22:08:04,-07:00,2026-04-11T22:08:04-07:00,0,0
index.html,74,html,618ff204,xibahbah,2026-04-11,22:08:04,-07:00,2026-04-11T22:08:04-07:00,4,10
index.html,75,html,618ff204,xibahbah,2026-04-11,22:08:04,-07:00,2026-04-11T22:08:04-07:00,6,23
index.html,76,html,618ff204,xibahbah,2026-04-11,22:08:04,-07:00,2026-04-11T22:08:04-07:00,4,0
index.html,77,html,618ff204,xibahbah,2026-04-11,22:08:04,-07:00,2026-04-11T22:08:04-07:00,0,0
index.html,78,html,618ff204,xibahbah,2026-04-11,22:08:04,-07:00,2026-04-11T22:08:04-07:00,4,9
index.html,79,html,618ff204,xibahbah,2026-04-11,22:08:04,-07:00,2026-04-11T22:08:04-07:00,6,26
index.html,80,html,618ff204,xibahbah,2026-04-11,22:08:04,-07:00,2026-04-11T22:08:04-07:00,6,11
index.html,81,html,618ff204,xibahbah,2026-04-11,22:08:04,-07:00,2026-04-11T22:08:04-07:00,4,0
index.html,82,html,618ff204,xibahbah,2026-04-11,22:08:04,-07:00,2026-04-11T22:08:04-07:00,0,0
index.html,83,html,618ff204,xibahbah,2026-04-11,22:08:04,-07:00,2026-04-11T22:08:04-07:00,4,11
index.html,84,html,618ff204,xibahbah,2026-04-11,22:08:04,-07:00,2026-04-11T22:08:04-07:00,6,30
index.html,85,html,618ff204,xibahbah,2026-04-11,22:08:04,-07:00,2026-04-11T22:08:04-07:00,6,11
index.html,86,html,618ff204,xibahbah,2026-04-11,22:08:04,-07:00,2026-04-11T22:08:04-07:00,4,0
index.html,87,html,618ff204,xibahbah,2026-04-11,22:08:04,-07:00,2026-04-11T22:08:04-07:00,0,0
index.html,88,html,618ff204,xibahbah,2026-04-11,22:08:04,-07:00,2026-04-11T22:08:04-07:00,4,6
index.html,89,html,618ff204,xibahbah,2026-04-11,22:08:04,-07:00,2026-04-11T22:08:04-07:00,6,12
index.html,90,html,618ff204,xibahbah,2026-04-11,22:08:04,-07:00,2026-04-11T22:08:04-07:00,6,58
index.html,91,html,618ff204,xibahbah,2026-04-11,22:08:04,-07:00,2026-04-11T22:08:04-07:00,6,9
index.html,92,html,618ff204,xibahbah,2026-04-11,22:08:04,-07:00,2026-04-11T22:08:04-07:00,6,18
index.html,93,html,618ff204,xibahbah,2026-04-11,22:08:04,-07:00,2026-04-11T22:08:04-07:00,4,0
index.html,94,html,618ff204,xibahbah,2026-04-11,22:08:04,-07:00,2026-04-11T22:08:04-07:00,0,0
index.html,95,html,618ff204,xibahbah,2026-04-11,22:08:04,-07:00,2026-04-11T22:08:04-07:00,4,5
index.html,96,html,618ff204,xibahbah,2026-04-11,22:08:04,-07:00,2026-04-11T22:08:04-07:00,6,32
index.html,97,html,618ff204,xibahbah,2026-04-11,22:08:04,-07:00,2026-04-11T22:08:04-07:00,6,20
index.html,98,html,618ff204,xibahbah,2026-04-11,22:08:04,-07:00,2026-04-11T22:08:04-07:00,6,13
index.html,99,html,618ff204,xibahbah,2026-04-11,22:08:04,-07:00,2026-04-11T22:08:04-07:00,6,16
index.html,100,html,618ff204,xibahbah,2026-04-11,22:08:04,-07:00,2026-04-11T22:08:04-07:00,6,12
index.html,101,html,618ff204,xibahbah,2026-04-11,22:08:04,-07:00,2026-04-11T22:08:04-07:00,6,21
index.html,102,html,618ff204,xibahbah,2026-04-11,22:08:04,-07:00,2026-04-11T22:08:04-07:00,6,9
index.html,103,html,618ff204,xibahbah,2026-04-11,22:08:04,-07:00,2026-04-11T22:08:04-07:00,4,0
index.html,104,html,618ff204,xibahbah,2026-04-11,22:08:04,-07:00,2026-04-11T22:08:04-07:00,0,0
index.html,105,html,618ff204,xibahbah,2026-04-11,22:08:04,-07:00,2026-04-11T22:08:04-07:00,4,8
index.html,106,html,618ff204,xibahbah,2026-04-11,22:08:04,-07:00,2026-04-11T22:08:04-07:00,6,8
index.html,107,html,618ff204,xibahbah,2026-04-11,22:08:04,-07:00,2026-04-11T22:08:04-07:00,6,16
index.html,108,html,618ff204,xibahbah,2026-04-11,22:08:04,-07:00,2026-04-11T22:08:04-07:00,4,0
index.html,109,html,618ff204,xibahbah,2026-04-11,22:08:04,-07:00,2026-04-11T22:08:04-07:00,0,0
index.html,110,html,618ff204,xibahbah,2026-04-11,22:08:04,-07:00,2026-04-11T22:08:04-07:00,4,7
index.html,111,html,618ff204,xibahbah,2026-04-11,22:08:04,-07:00,2026-04-11T22:08:04-07:00,6,8
index.html,112,html,618ff204,xibahbah,2026-04-11,22:08:04,-07:00,2026-04-11T22:08:04-07:00,6,15
index.html,113,html,618ff204,xibahbah,2026-04-11,22:08:04,-07:00,2026-04-11T22:08:04-07:00,6,21
index.html,114,html,618ff204,xibahbah,2026-04-11,22:08:04,-07:00,2026-04-11T22:08:04-07:00,6,6
index.html,115,html,618ff204,xibahbah,2026-04-11,22:08:04,-07:00,2026-04-11T22:08:04-07:00,4,0
index.html,116,html,618ff204,xibahbah,2026-04-11,22:08:04,-07:00,2026-04-11T22:08:04-07:00,0,0
index.html,117,html,618ff204,xibahbah,2026-04-11,22:08:04,-07:00,2026-04-11T22:08:04-07:00,4,7
index.html,118,html,618ff204,xibahbah,2026-04-11,22:08:04,-07:00,2026-04-11T22:08:04-07:00,6,25
index.html,119,html,618ff204,xibahbah,2026-04-11,22:08:04,-07:00,2026-04-11T22:08:04-07:00,6,15
index.html,120,html,618ff204,xibahbah,2026-04-11,22:08:04,-07:00,2026-04-11T22:08:04-07:00,6,15
index.html,121,html,618ff204,xibahbah,2026-04-11,22:08:04,-07:00,2026-04-11T22:08:04-07:00,6,20
index.html,122,html,618ff204,xibahbah,2026-04-11,22:08:04,-07:00,2026-04-11T22:08:04-07:00,4,0
index.html,123,html,618ff204,xibahbah,2026-04-11,22:08:04,-07:00,2026-04-11T22:08:04-07:00,0,0
index.html,124,html,618ff204,xibahbah,2026-04-11,22:08:04,-07:00,2026-04-11T22:08:04-07:00,4,13
index.html,125,html,618ff204,xibahbah,2026-04-11,22:08:04,-07:00,2026-04-11T22:08:04-07:00,6,25
index.html,126,html,618ff204,xibahbah,2026-04-11,22:08:04,-07:00,2026-04-11T22:08:04-07:00,4,0
index.html,127,html,618ff204,xibahbah,2026-04-11,22:08:04,-07:00,2026-04-11T22:08:04-07:00,4,6
index.html,128,html,618ff204,xibahbah,2026-04-11,22:08:04,-07:00,2026-04-11T22:08:04-07:00,6,14
index.html,129,html,618ff204,xibahbah,2026-04-11,22:08:04,-07:00,2026-04-11T22:08:04-07:00,6,20
index.html,130,html,618ff204,xibahbah,2026-04-11,22:08:04,-07:00,2026-04-11T22:08:04-07:00,6,36
index.html,131,html,618ff204,xibahbah,2026-04-11,22:08:04,-07:00,2026-04-11T22:08:04-07:00,6,17
index.html,132,html,618ff204,xibahbah,2026-04-11,22:08:04,-07:00,2026-04-11T22:08:04-07:00,6,16
index.html,133,html,618ff204,xibahbah,2026-04-11,22:08:04,-07:00,2026-04-11T22:08:04-07:00,6,21
index.html,134,html,fa940457,xibahbah,2026-04-04,16:57:21,-07:00,2026-04-04T16:57:21-07:00,4,0
index.html,135,html,fa940457,xibahbah,2026-04-04,16:57:21,-07:00,2026-04-04T16:57:21-07:00,2,6
index.html,136,html,f1caba7c,xibahbah,2026-04-04,16:06:17,-07:00,2026-04-04T16:06:17-07:00,0,5
index.html,137,html,618ff204,xibahbah,2026-04-11,22:08:04,-07:00,2026-04-11T22:08:04-07:00,0,4
index.html,138,html,618ff204,xibahbah,2026-04-11,22:08:04,-07:00,2026-04-11T22:08:04-07:00,2,20
index.html,139,html,618ff204,xibahbah,2026-04-11,22:08:04,-07:00,2026-04-11T22:08:04-07:00,4,21
index.html,140,html,618ff204,xibahbah,2026-04-11,22:08:04,-07:00,2026-04-11T22:08:04-07:00,6,17
index.html,141,html,618ff204,xibahbah,2026-04-11,22:08:04,-07:00,2026-04-11T22:08:04-07:00,6,114
index.html,142,html,618ff204,xibahbah,2026-04-11,22:08:04,-07:00,2026-04-11T22:08:04-07:00,6,21
index.html,143,html,618ff204,xibahbah,2026-04-11,22:08:04,-07:00,2026-04-11T22:08:04-07:00,8,56
index.html,144,html,618ff204,xibahbah,2026-04-11,22:08:04,-07:00,2026-04-11T22:08:04-07:00,8,54
index.html,145,html,fa940457,xibahbah,2026-04-04,16:57:21,-07:00,2026-04-04T16:57:21-07:00,6,4
index.html,146,html,fa940457,xibahbah,2026-04-04,16:57:21,-07:00,2026-04-04T16:57:21-07:00,4,4
index.html,147,html,618ff204,xibahbah,2026-04-11,22:08:04,-07:00,2026-04-11T22:08:04-07:00,4,22
index.html,148,html,618ff204,xibahbah,2026-04-11,22:08:04,-07:00,2026-04-11T22:08:04-07:00,6,44
index.html,149,html,618ff204,xibahbah,2026-04-11,22:08:04,-07:00,2026-04-11T22:08:04-07:00,4,4
index.html,150,html,618ff204,xibahbah,2026-04-11,22:08:04,-07:00,2026-04-11T22:08:04-07:00,2,8
index.html,151,html,fa940457,xibahbah,2026-04-04,16:57:21,-07:00,2026-04-04T16:57:21-07:00,0,0
index.html,152,html,618ff204,xibahbah,2026-04-11,22:08:04,-07:00,2026-04-11T22:08:04-07:00,2,21
index.html,153,html,618ff204,xibahbah,2026-04-11,22:08:04,-07:00,2026-04-11T22:08:04-07:00,4,16
index.html,154,html,618ff204,xibahbah,2026-04-11,22:08:04,-07:00,2026-04-11T22:08:04-07:00,6,22
index.html,155,html,618ff204,xibahbah,2026-04-11,22:08:04,-07:00,2026-04-11T22:08:04-07:00,6,106
index.html,156,html,618ff204,xibahbah,2026-04-11,22:08:04,-07:00,2026-04-11T22:08:04-07:00,4,4
index.html,157,html,618ff204,xibahbah,2026-04-11,22:08:04,-07:00,2026-04-11T22:08:04-07:00,4,16
index.html,158,html,618ff204,xibahbah,2026-04-11,22:08:04,-07:00,2026-04-11T22:08:04-07:00,6,16
index.html,159,html,618ff204,xibahbah,2026-04-11,22:08:04,-07:00,2026-04-11T22:08:04-07:00,6,49
index.html,160,html,618ff204,xibahbah,2026-04-11,22:08:04,-07:00,2026-04-11T22:08:04-07:00,6,103
index.html,161,html,fa940457,xibahbah,2026-04-04,16:57:21,-07:00,2026-04-04T16:57:21-07:00,4,4
index.html,162,html,618ff204,xibahbah,2026-04-11,22:08:04,-07:00,2026-04-11T22:08:04-07:00,4,16
index.html,163,html,618ff204,xibahbah,2026-04-11,22:08:04,-07:00,2026-04-11T22:08:04-07:00,6,19
index.html,164,html,618ff204,xibahbah,2026-04-11,22:08:04,-07:00,2026-04-11T22:08:04-07:00,6,71
index.html,165,html,618ff204,xibahbah,2026-04-11,22:08:04,-07:00,2026-04-11T22:08:04-07:00,6,33
index.html,166,html,618ff204,xibahbah,2026-04-11,22:08:04,-07:00,2026-04-11T22:08:04-07:00,4,4
index.html,167,html,618ff204,xibahbah,2026-04-11,22:08:04,-07:00,2026-04-11T22:08:04-07:00,2,8
index.html,168,html,618ff204,xibahbah,2026-04-11,22:08:04,-07:00,2026-04-11T22:08:04-07:00,0,0
index.html,169,html,b1268f9e,xibahbah,2026-04-25,15:47:11,-07:00,2026-04-25T15:47:11-07:00,2,7
index.html,170,html,b1268f9e,xibahbah,2026-04-25,15:47:11,-07:00,2026-04-25T15:47:11-07:00,4,22
index.html,171,html,b1268f9e,xibahbah,2026-04-25,15:47:11,-07:00,2026-04-25T15:47:11-07:00,4,26
index.html,172,html,b1268f9e,xibahbah,2026-04-25,15:47:11,-07:00,2026-04-25T15:47:11-07:00,2,8
index.html,173,html,b1268f9e,xibahbah,2026-04-25,15:47:11,-07:00,2026-04-25T15:47:11-07:00,0,0
index.html,174,html,b1268f9e,xibahbah,2026-04-25,15:47:11,-07:00,2026-04-25T15:47:11-07:00,2,7
index.html,175,html,b1268f9e,xibahbah,2026-04-25,15:47:11,-07:00,2026-04-25T15:47:11-07:00,4,22
index.html,176,html,b1268f9e,xibahbah,2026-04-25,15:47:11,-07:00,2026-04-25T15:47:11-07:00,4,28
index.html,177,html,b1268f9e,xibahbah,2026-04-25,15:47:11,-07:00,2026-04-25T15:47:11-07:00,2,8
index.html,178,html,b1268f9e,xibahbah,2026-04-25,15:47:11,-07:00,2026-04-25T15:47:11-07:00,0,0
index.html,179,html,618ff204,xibahbah,2026-04-11,22:08:04,-07:00,2026-04-11T22:08:04-07:00,2,32
index.html,180,html,f1caba7c,xibahbah,2026-04-04,16:06:17,-07:00,2026-04-04T16:06:17-07:00,0,5
index.html,181,html,618ff204,xibahbah,2026-04-11,22:08:04,-07:00,2026-04-11T22:08:04-07:00,0,5
global.js,1,js,66e95155,xibahbah,2026-04-18,14:01:43,-07:00,2026-04-18T14:01:43-07:00,0,25
global.js,2,js,66e95155,xibahbah,2026-04-18,14:01:43,-07:00,2026-04-18T14:01:43-07:00,0,0
global.js,3,js,b1268f9e,xibahbah,2026-04-25,15:47:11,-07:00,2026-04-25T15:47:11-07:00,0,48
global.js,4,js,66e95155,xibahbah,2026-04-18,14:01:43,-07:00,2026-04-18T14:01:43-07:00,1,52
global.js,5,js,66e95155,xibahbah,2026-04-18,14:01:43,-07:00,2026-04-18T14:01:43-07:00,0,0
global.js,6,js,66e95155,xibahbah,2026-04-18,14:01:43,-07:00,2026-04-18T14:01:43-07:00,0,0
global.js,7,js,66e95155,xibahbah,2026-04-18,14:01:43,-07:00,2026-04-18T14:01:43-07:00,0,79
global.js,8,js,66e95155,xibahbah,2026-04-18,14:01:43,-07:00,2026-04-18T14:01:43-07:00,0,0
global.js,9,js,66e95155,xibahbah,2026-04-18,14:01:43,-07:00,2026-04-18T14:01:43-07:00,0,88
global.js,10,js,66e95155,xibahbah,2026-04-18,14:01:43,-07:00,2026-04-18T14:01:43-07:00,1,3
global.js,11,js,66e95155,xibahbah,2026-04-18,14:01:43,-07:00,2026-04-18T14:01:43-07:00,1,13
global.js,12,js,66e95155,xibahbah,2026-04-18,14:01:43,-07:00,2026-04-18T14:01:43-07:00,0,0
global.js,13,js,66e95155,xibahbah,2026-04-18,14:01:43,-07:00,2026-04-18T14:01:43-07:00,0,11
global.js,14,js,66e95155,xibahbah,2026-04-18,14:01:43,-07:00,2026-04-18T14:01:43-07:00,1,38
global.js,15,js,66e95155,xibahbah,2026-04-18,14:01:43,-07:00,2026-04-18T14:01:43-07:00,1,42
global.js,16,js,00000000,Not Committed Yet,2026-05-08,20:55:31,-07:00,2026-05-08T20:55:31-07:00,1,38
global.js,17,js,66e95155,xibahbah,2026-04-18,14:01:43,-07:00,2026-04-18T14:01:43-07:00,1,41
global.js,18,js,66e95155,xibahbah,2026-04-18,14:01:43,-07:00,2026-04-18T14:01:43-07:00,1,40
global.js,19,js,66e95155,xibahbah,2026-04-18,14:01:43,-07:00,2026-04-18T14:01:43-07:00,1,54
global.js,20,js,66e95155,xibahbah,2026-04-18,14:01:43,-07:00,2026-04-18T14:01:43-07:00,0,0
global.js,21,js,66e95155,xibahbah,2026-04-18,14:01:43,-07:00,2026-04-18T14:01:43-07:00,0,0
global.js,22,js,66e95155,xibahbah,2026-04-18,14:01:43,-07:00,2026-04-18T14:01:43-07:00,0,38
global.js,23,js,66e95155,xibahbah,2026-04-18,14:01:43,-07:00,2026-04-18T14:01:43-07:00,0,25
global.js,24,js,66e95155,xibahbah,2026-04-18,14:01:43,-07:00,2026-04-18T14:01:43-07:00,0,0
global.js,25,js,66e95155,xibahbah,2026-04-18,14:01:43,-07:00,2026-04-18T14:01:43-07:00,0,20
global.js,26,js,66e95155,xibahbah,2026-04-18,14:01:43,-07:00,2026-04-18T14:01:43-07:00,1,14
global.js,27,js,66e95155,xibahbah,2026-04-18,14:01:43,-07:00,2026-04-18T14:01:43-07:00,1,18
global.js,28,js,66e95155,xibahbah,2026-04-18,14:01:43,-07:00,2026-04-18T14:01:43-07:00,0,0
global.js,29,js,66e95155,xibahbah,2026-04-18,14:01:43,-07:00,2026-04-18T14:01:43-07:00,1,28
global.js,30,js,66e95155,xibahbah,2026-04-18,14:01:43,-07:00,2026-04-18T14:01:43-07:00,2,20
global.js,31,js,66e95155,xibahbah,2026-04-18,14:01:43,-07:00,2026-04-18T14:01:43-07:00,1,0
global.js,32,js,66e95155,xibahbah,2026-04-18,14:01:43,-07:00,2026-04-18T14:01:43-07:00,0,0
global.js,33,js,66e95155,xibahbah,2026-04-18,14:01:43,-07:00,2026-04-18T14:01:43-07:00,1,34
global.js,34,js,66e95155,xibahbah,2026-04-18,14:01:43,-07:00,2026-04-18T14:01:43-07:00,1,11
global.js,35,js,66e95155,xibahbah,2026-04-18,14:01:43,-07:00,2026-04-18T14:01:43-07:00,1,20
global.js,36,js,66e95155,xibahbah,2026-04-18,14:01:43,-07:00,2026-04-18T14:01:43-07:00,0,0
global.js,37,js,66e95155,xibahbah,2026-04-18,14:01:43,-07:00,2026-04-18T14:01:43-07:00,1,90
global.js,38,js,66e95155,xibahbah,2026-04-18,14:01:43,-07:00,2026-04-18T14:01:43-07:00,0,0
global.js,39,js,66e95155,xibahbah,2026-04-18,14:01:43,-07:00,2026-04-18T14:01:43-07:00,1,29
global.js,40,js,66e95155,xibahbah,2026-04-18,14:01:43,-07:00,2026-04-18T14:01:43-07:00,2,18
global.js,41,js,66e95155,xibahbah,2026-04-18,14:01:43,-07:00,2026-04-18T14:01:43-07:00,2,28
global.js,42,js,66e95155,xibahbah,2026-04-18,14:01:43,-07:00,2026-04-18T14:01:43-07:00,1,0
global.js,43,js,66e95155,xibahbah,2026-04-18,14:01:43,-07:00,2026-04-18T14:01:43-07:00,0,0
global.js,44,js,66e95155,xibahbah,2026-04-18,14:01:43,-07:00,2026-04-18T14:01:43-07:00,1,12
global.js,45,js,66e95155,xibahbah,2026-04-18,14:01:43,-07:00,2026-04-18T14:01:43-07:00,0,0
global.js,46,js,66e95155,xibahbah,2026-04-18,14:01:43,-07:00,2026-04-18T14:01:43-07:00,0,0
global.js,47,js,66e95155,xibahbah,2026-04-18,14:01:43,-07:00,2026-04-18T14:01:43-07:00,0,79
global.js,48,js,66e95155,xibahbah,2026-04-18,14:01:43,-07:00,2026-04-18T14:01:43-07:00,0,0
global.js,49,js,e0883cad,xibahbah,2026-04-25,15:52:37,-07:00,2026-04-25T15:52:37-07:00,0,35
global.js,50,js,66e95155,xibahbah,2026-04-18,14:01:43,-07:00,2026-04-18T14:01:43-07:00,0,26
global.js,51,js,66e95155,xibahbah,2026-04-18,14:01:43,-07:00,2026-04-18T14:01:43-07:00,1,4
global.js,52,js,66e95155,xibahbah,2026-04-18,14:01:43,-07:00,2026-04-18T14:01:43-07:00,1,6
global.js,53,js,66e95155,xibahbah,2026-04-18,14:01:43,-07:00,2026-04-18T14:01:43-07:00,2,43
global.js,54,js,66e95155,xibahbah,2026-04-18,14:01:43,-07:00,2026-04-18T14:01:43-07:00,2,34
global.js,55,js,66e95155,xibahbah,2026-04-18,14:01:43,-07:00,2026-04-18T14:01:43-07:00,2,32
global.js,56,js,66e95155,xibahbah,2026-04-18,14:01:43,-07:00,2026-04-18T14:01:43-07:00,1,7
global.js,57,js,66e95155,xibahbah,2026-04-18,14:01:43,-07:00,2026-04-18T14:01:43-07:00,0,9
global.js,58,js,66e95155,xibahbah,2026-04-18,14:01:43,-07:00,2026-04-18T14:01:43-07:00,0,0
global.js,59,js,66e95155,xibahbah,2026-04-18,14:01:43,-07:00,2026-04-18T14:01:43-07:00,0,60
global.js,60,js,66e95155,xibahbah,2026-04-18,14:01:43,-07:00,2026-04-18T14:01:43-07:00,0,0
global.js,61,js,66e95155,xibahbah,2026-04-18,14:01:43,-07:00,2026-04-18T14:01:43-07:00,0,36
global.js,62,js,66e95155,xibahbah,2026-04-18,14:01:43,-07:00,2026-04-18T14:01:43-07:00,1,70
global.js,63,js,66e95155,xibahbah,2026-04-18,14:01:43,-07:00,2026-04-18T14:01:43-07:00,1,25
global.js,64,js,66e95155,xibahbah,2026-04-18,14:01:43,-07:00,2026-04-18T14:01:43-07:00,0,0
global.js,65,js,66e95155,xibahbah,2026-04-18,14:01:43,-07:00,2026-04-18T14:01:43-07:00,0,0
global.js,66,js,66e95155,xibahbah,2026-04-18,14:01:43,-07:00,2026-04-18T14:01:43-07:00,0,49
global.js,67,js,66e95155,xibahbah,2026-04-18,14:01:43,-07:00,2026-04-18T14:01:43-07:00,1,33
global.js,68,js,66e95155,xibahbah,2026-04-18,14:01:43,-07:00,2026-04-18T14:01:43-07:00,1,44
global.js,69,js,66e95155,xibahbah,2026-04-18,14:01:43,-07:00,2026-04-18T14:01:43-07:00,0,1
global.js,70,js,66e95155,xibahbah,2026-04-18,14:01:43,-07:00,2026-04-18T14:01:43-07:00,0,0
global.js,71,js,66e95155,xibahbah,2026-04-18,14:01:43,-07:00,2026-04-18T14:01:43-07:00,0,34
global.js,72,js,66e95155,xibahbah,2026-04-18,14:01:43,-07:00,2026-04-18T14:01:43-07:00,1,39
global.js,73,js,66e95155,xibahbah,2026-04-18,14:01:43,-07:00,2026-04-18T14:01:43-07:00,0,0
global.js,74,js,66e95155,xibahbah,2026-04-18,14:01:43,-07:00,2026-04-18T14:01:43-07:00,0,0
global.js,75,js,b1268f9e,xibahbah,2026-04-25,15:47:11,-07:00,2026-04-25T15:47:11-07:00,0,79
global.js,76,js,b1268f9e,xibahbah,2026-04-25,15:47:11,-07:00,2026-04-25T15:47:11-07:00,0,0
global.js,77,js,b1268f9e,xibahbah,2026-04-25,15:47:11,-07:00,2026-04-25T15:47:11-07:00,0,36
global.js,78,js,b1268f9e,xibahbah,2026-04-25,15:47:11,-07:00,2026-04-25T15:47:11-07:00,1,3
global.js,79,js,b1268f9e,xibahbah,2026-04-25,15:47:11,-07:00,2026-04-25T15:47:11-07:00,2,32
global.js,80,js,b1268f9e,xibahbah,2026-04-25,15:47:11,-07:00,2026-04-25T15:47:11-07:00,2,17
global.js,81,js,b1268f9e,xibahbah,2026-04-25,15:47:11,-07:00,2026-04-25T15:47:11-07:00,3,57
global.js,82,js,b1268f9e,xibahbah,2026-04-25,15:47:11,-07:00,2026-04-25T15:47:11-07:00,2,0
global.js,83,js,b1268f9e,xibahbah,2026-04-25,15:47:11,-07:00,2026-04-25T15:47:11-07:00,2,33
global.js,84,js,b1268f9e,xibahbah,2026-04-25,15:47:11,-07:00,2026-04-25T15:47:11-07:00,2,10
global.js,85,js,b1268f9e,xibahbah,2026-04-25,15:47:11,-07:00,2026-04-25T15:47:11-07:00,1,15
global.js,86,js,b1268f9e,xibahbah,2026-04-25,15:47:11,-07:00,2026-04-25T15:47:11-07:00,2,59
global.js,87,js,b1268f9e,xibahbah,2026-04-25,15:47:11,-07:00,2026-04-25T15:47:11-07:00,1,0
global.js,88,js,b1268f9e,xibahbah,2026-04-25,15:47:11,-07:00,2026-04-25T15:47:11-07:00,0,0
global.js,89,js,b1268f9e,xibahbah,2026-04-25,15:47:11,-07:00,2026-04-25T15:47:11-07:00,0,0
global.js,90,js,b1268f9e,xibahbah,2026-04-25,15:47:11,-07:00,2026-04-25T15:47:11-07:00,0,79
global.js,91,js,b1268f9e,xibahbah,2026-04-25,15:47:11,-07:00,2026-04-25T15:47:11-07:00,1,30
global.js,92,js,b1268f9e,xibahbah,2026-04-25,15:47:11,-07:00,2026-04-25T15:47:11-07:00,1,29
global.js,93,js,b1268f9e,xibahbah,2026-04-25,15:47:11,-07:00,2026-04-25T15:47:11-07:00,2,48
global.js,94,js,b1268f9e,xibahbah,2026-04-25,15:47:11,-07:00,2026-04-25T15:47:11-07:00,2,19
global.js,95,js,b1268f9e,xibahbah,2026-04-25,15:47:11,-07:00,2026-04-25T15:47:11-07:00,3,49
global.js,96,js,0a59fb98,xibahbah,2026-04-25,16:15:18,-07:00,2026-04-25T16:15:18-07:00,3,61
global.js,97,js,cb843351,xibahbah,2026-05-08,16:24:10,-07:00,2026-05-08T16:24:10-07:00,3,24
global.js,98,js,cb843351,xibahbah,2026-05-08,16:24:10,-07:00,2026-05-08T16:24:10-07:00,4,27
global.js,99,js,cb843351,xibahbah,2026-05-08,16:24:10,-07:00,2026-05-08T16:24:10-07:00,4,41
global.js,100,js,cb843351,xibahbah,2026-05-08,16:24:10,-07:00,2026-05-08T16:24:10-07:00,3,4
global.js,101,js,b1268f9e,xibahbah,2026-04-25,15:47:11,-07:00,2026-04-25T15:47:11-07:00,2,0
global.js,102,js,b1268f9e,xibahbah,2026-04-25,15:47:11,-07:00,2026-04-25T15:47:11-07:00,2,36
global.js,103,js,b1268f9e,xibahbah,2026-04-25,15:47:11,-07:00,2026-04-25T15:47:11-07:00,1,0
global.js,104,js,b1268f9e,xibahbah,2026-04-25,15:47:11,-07:00,2026-04-25T15:47:11-07:00,0,0
global.js,105,js,b1268f9e,xibahbah,2026-04-25,15:47:11,-07:00,2026-04-25T15:47:11-07:00,0,0
global.js,106,js,b1268f9e,xibahbah,2026-04-25,15:47:11,-07:00,2026-04-25T15:47:11-07:00,0,47
global.js,107,js,b1268f9e,xibahbah,2026-04-25,15:47:11,-07:00,2026-04-25T15:47:11-07:00,1,59
global.js,108,js,b1268f9e,xibahbah,2026-04-25,15:47:11,-07:00,2026-04-25T15:47:11-07:00,0,0
global.js,109,js,b1268f9e,xibahbah,2026-04-25,15:47:11,-07:00,2026-04-25T15:47:11-07:00,0,0
global.js,110,js,66e95155,xibahbah,2026-04-18,14:01:43,-07:00,2026-04-18T14:01:43-07:00,0,79
global.js,111,js,66e95155,xibahbah,2026-04-18,14:01:43,-07:00,2026-04-18T14:01:43-07:00,0,0
global.js,112,js,66e95155,xibahbah,2026-04-18,14:01:43,-07:00,2026-04-18T14:01:43-07:00,0,40
global.js,113,js,66e95155,xibahbah,2026-04-18,14:01:43,-07:00,2026-04-18T14:01:43-07:00,0,49
global.js,114,js,66e95155,xibahbah,2026-04-18,14:01:43,-07:00,2026-04-18T14:01:43-07:00,1,21
global.js,115,js,66e95155,xibahbah,2026-04-18,14:01:43,-07:00,2026-04-18T14:01:43-07:00,1,28
global.js,116,js,66e95155,xibahbah,2026-04-18,14:01:43,-07:00,2026-04-18T14:01:43-07:00,1,14
global.js,117,js,66e95155,xibahbah,2026-04-18,14:01:43,-07:00,2026-04-18T14:01:43-07:00,1,31
global.js,118,js,66e95155,xibahbah,2026-04-18,14:01:43,-07:00,2026-04-18T14:01:43-07:00,2,50
global.js,119,js,66e95155,xibahbah,2026-04-18,14:01:43,-07:00,2026-04-18T14:01:43-07:00,1,0
global.js,120,js,66e95155,xibahbah,2026-04-18,14:01:43,-07:00,2026-04-18T14:01:43-07:00,1,51
global.js,121,js,66e95155,xibahbah,2026-04-18,14:01:43,-07:00,2026-04-18T14:01:43-07:00,0,1
resume/index.html,1,html,2963da23,xibahbah,2026-04-04,16:41:50,-07:00,2026-04-04T16:41:50-07:00,0,13
resume/index.html,2,html,2963da23,xibahbah,2026-04-04,16:41:50,-07:00,2026-04-04T16:41:50-07:00,0,14
resume/index.html,3,html,2963da23,xibahbah,2026-04-04,16:41:50,-07:00,2026-04-04T16:41:50-07:00,0,4
resume/index.html,4,html,2963da23,xibahbah,2026-04-04,16:41:50,-07:00,2026-04-04T16:41:50-07:00,2,20
resume/index.html,5,html,2963da23,xibahbah,2026-04-04,16:41:50,-07:00,2026-04-04T16:41:50-07:00,2,68
resume/index.html,6,html,8d8d8b7b,xibahbah,2026-04-11,21:54:21,-07:00,2026-04-11T21:54:21-07:00,2,32
resume/index.html,7,html,2963da23,xibahbah,2026-04-04,16:41:50,-07:00,2026-04-04T16:41:50-07:00,2,41
resume/index.html,8,html,b1268f9e,xibahbah,2026-04-25,15:47:11,-07:00,2026-04-25T15:47:11-07:00,2,48
resume/index.html,9,html,2963da23,xibahbah,2026-04-04,16:41:50,-07:00,2026-04-04T16:41:50-07:00,0,5
resume/index.html,10,html,2963da23,xibahbah,2026-04-04,16:41:50,-07:00,2026-04-04T16:41:50-07:00,0,4
resume/index.html,11,html,8d8d8b7b,xibahbah,2026-04-11,21:54:21,-07:00,2026-04-11T21:54:21-07:00,2,17
resume/index.html,12,html,b523c1a5,xibahbah,2026-04-11,22:11:56,-07:00,2026-04-11T22:11:56-07:00,2,104
resume/index.html,13,html,2963da23,xibahbah,2026-04-04,16:41:50,-07:00,2026-04-04T16:41:50-07:00,0,0
resume/index.html,14,html,8d8d8b7b,xibahbah,2026-04-11,21:54:21,-07:00,2026-04-11T21:54:21-07:00,2,26
resume/index.html,15,html,b523c1a5,xibahbah,2026-04-11,22:11:56,-07:00,2026-04-11T22:11:56-07:00,4,14
resume/index.html,16,html,b523c1a5,xibahbah,2026-04-11,22:11:56,-07:00,2026-04-11T22:11:56-07:00,4,214
resume/index.html,17,html,2963da23,xibahbah,2026-04-04,16:41:50,-07:00,2026-04-04T16:41:50-07:00,2,8
resume/index.html,18,html,2963da23,xibahbah,2026-04-04,16:41:50,-07:00,2026-04-04T16:41:50-07:00,0,0
resume/index.html,19,html,8d8d8b7b,xibahbah,2026-04-11,21:54:21,-07:00,2026-04-11T21:54:21-07:00,2,26
resume/index.html,20,html,b523c1a5,xibahbah,2026-04-11,22:11:56,-07:00,2026-04-11T22:11:56-07:00,4,16
resume/index.html,21,html,b523c1a5,xibahbah,2026-04-11,22:11:56,-07:00,2026-04-11T22:11:56-07:00,4,20
resume/index.html,22,html,b523c1a5,xibahbah,2026-04-11,22:11:56,-07:00,2026-04-11T22:11:56-07:00,6,44
resume/index.html,23,html,b523c1a5,xibahbah,2026-04-11,22:11:56,-07:00,2026-04-11T22:11:56-07:00,6,38
resume/index.html,24,html,b523c1a5,xibahbah,2026-04-11,22:11:56,-07:00,2026-04-11T22:11:56-07:00,6,64
resume/index.html,25,html,b523c1a5,xibahbah,2026-04-11,22:11:56,-07:00,2026-04-11T22:11:56-07:00,4,4
resume/index.html,26,html,b523c1a5,xibahbah,2026-04-11,22:11:56,-07:00,2026-04-11T22:11:56-07:00,4,20
resume/index.html,27,html,b523c1a5,xibahbah,2026-04-11,22:11:56,-07:00,2026-04-11T22:11:56-07:00,6,45
resume/index.html,28,html,b523c1a5,xibahbah,2026-04-11,22:11:56,-07:00,2026-04-11T22:11:56-07:00,6,38
resume/index.html,29,html,b523c1a5,xibahbah,2026-04-11,22:11:56,-07:00,2026-04-11T22:11:56-07:00,6,100
resume/index.html,30,html,b523c1a5,xibahbah,2026-04-11,22:11:56,-07:00,2026-04-11T22:11:56-07:00,4,4
resume/index.html,31,html,8d8d8b7b,xibahbah,2026-04-11,21:54:21,-07:00,2026-04-11T21:54:21-07:00,2,8
resume/index.html,32,html,8d8d8b7b,xibahbah,2026-04-11,21:54:21,-07:00,2026-04-11T21:54:21-07:00,0,0
resume/index.html,33,html,8d8d8b7b,xibahbah,2026-04-11,21:54:21,-07:00,2026-04-11T21:54:21-07:00,2,26
resume/index.html,34,html,8d8d8b7b,xibahbah,2026-04-11,21:54:21,-07:00,2026-04-11T21:54:21-07:00,4,17
resume/index.html,35,html,8d8d8b7b,xibahbah,2026-04-11,21:54:21,-07:00,2026-04-11T21:54:21-07:00,4,20
resume/index.html,36,html,b523c1a5,xibahbah,2026-04-11,22:11:56,-07:00,2026-04-11T22:11:56-07:00,6,75
resume/index.html,37,html,b523c1a5,xibahbah,2026-04-11,22:11:56,-07:00,2026-04-11T22:11:56-07:00,6,41
resume/index.html,38,html,b523c1a5,xibahbah,2026-04-11,22:11:56,-07:00,2026-04-11T22:11:56-07:00,6,407
resume/index.html,39,html,8d8d8b7b,xibahbah,2026-04-11,21:54:21,-07:00,2026-04-11T21:54:21-07:00,4,4
resume/index.html,40,html,8d8d8b7b,xibahbah,2026-04-11,21:54:21,-07:00,2026-04-11T21:54:21-07:00,4,20
resume/index.html,41,html,b523c1a5,xibahbah,2026-04-11,22:11:56,-07:00,2026-04-11T22:11:56-07:00,6,46
resume/index.html,42,html,b523c1a5,xibahbah,2026-04-11,22:11:56,-07:00,2026-04-11T22:11:56-07:00,6,41
resume/index.html,43,html,b523c1a5,xibahbah,2026-04-11,22:11:56,-07:00,2026-04-11T22:11:56-07:00,6,153
resume/index.html,44,html,8d8d8b7b,xibahbah,2026-04-11,21:54:21,-07:00,2026-04-11T21:54:21-07:00,4,4
resume/index.html,45,html,8d8d8b7b,xibahbah,2026-04-11,21:54:21,-07:00,2026-04-11T21:54:21-07:00,4,20
resume/index.html,46,html,b523c1a5,xibahbah,2026-04-11,22:11:56,-07:00,2026-04-11T22:11:56-07:00,6,42
resume/index.html,47,html,b523c1a5,xibahbah,2026-04-11,22:11:56,-07:00,2026-04-11T22:11:56-07:00,6,41
resume/index.html,48,html,b523c1a5,xibahbah,2026-04-11,22:11:56,-07:00,2026-04-11T22:11:56-07:00,6,121
resume/index.html,49,html,8d8d8b7b,xibahbah,2026-04-11,21:54:21,-07:00,2026-04-11T21:54:21-07:00,4,4
resume/index.html,50,html,8d8d8b7b,xibahbah,2026-04-11,21:54:21,-07:00,2026-04-11T21:54:21-07:00,4,20
resume/index.html,51,html,b523c1a5,xibahbah,2026-04-11,22:11:56,-07:00,2026-04-11T22:11:56-07:00,6,56
resume/index.html,52,html,b523c1a5,xibahbah,2026-04-11,22:11:56,-07:00,2026-04-11T22:11:56-07:00,6,31
resume/index.html,53,html,b523c1a5,xibahbah,2026-04-11,22:11:56,-07:00,2026-04-11T22:11:56-07:00,6,109
resume/index.html,54,html,8d8d8b7b,xibahbah,2026-04-11,21:54:21,-07:00,2026-04-11T21:54:21-07:00,4,4
resume/index.html,55,html,8d8d8b7b,xibahbah,2026-04-11,21:54:21,-07:00,2026-04-11T21:54:21-07:00,2,8
resume/index.html,56,html,8d8d8b7b,xibahbah,2026-04-11,21:54:21,-07:00,2026-04-11T21:54:21-07:00,0,0
resume/index.html,57,html,8d8d8b7b,xibahbah,2026-04-11,21:54:21,-07:00,2026-04-11T21:54:21-07:00,2,26
resume/index.html,58,html,b523c1a5,xibahbah,2026-04-11,22:11:56,-07:00,2026-04-11T22:11:56-07:00,4,32
resume/index.html,59,html,8d8d8b7b,xibahbah,2026-04-11,21:54:21,-07:00,2026-04-11T21:54:21-07:00,4,2
resume/index.html,60,html,b523c1a5,xibahbah,2026-04-11,22:11:56,-07:00,2026-04-11T22:11:56-07:00,6,53
resume/index.html,61,html,b523c1a5,xibahbah,2026-04-11,22:11:56,-07:00,2026-04-11T22:11:56-07:00,6,102
resume/index.html,62,html,b523c1a5,xibahbah,2026-04-11,22:11:56,-07:00,2026-04-11T22:11:56-07:00,6,56
resume/index.html,63,html,b523c1a5,xibahbah,2026-04-11,22:11:56,-07:00,2026-04-11T22:11:56-07:00,6,55
resume/index.html,64,html,b523c1a5,xibahbah,2026-04-11,22:11:56,-07:00,2026-04-11T22:11:56-07:00,6,77
resume/index.html,65,html,b523c1a5,xibahbah,2026-04-11,22:11:56,-07:00,2026-04-11T22:11:56-07:00,6,58
resume/index.html,66,html,2963da23,xibahbah,2026-04-04,16:41:50,-07:00,2026-04-04T16:41:50-07:00,4,3
resume/index.html,67,html,2963da23,xibahbah,2026-04-04,16:41:50,-07:00,2026-04-04T16:41:50-07:00,2,8
resume/index.html,68,html,b523c1a5,xibahbah,2026-04-11,22:11:56,-07:00,2026-04-11T22:11:56-07:00,0,0
resume/index.html,69,html,b523c1a5,xibahbah,2026-04-11,22:11:56,-07:00,2026-04-11T22:11:56-07:00,2,26
resume/index.html,70,html,b523c1a5,xibahbah,2026-04-11,22:11:56,-07:00,2026-04-11T22:11:56-07:00,4,13
resume/index.html,71,html,b523c1a5,xibahbah,2026-04-11,22:11:56,-07:00,2026-04-11T22:11:56-07:00,4,2
resume/index.html,72,html,b523c1a5,xibahbah,2026-04-11,22:11:56,-07:00,2026-04-11T22:11:56-07:00,6,123
resume/index.html,73,html,b523c1a5,xibahbah,2026-04-11,22:11:56,-07:00,2026-04-11T22:11:56-07:00,6,103
resume/index.html,74,html,b523c1a5,xibahbah,2026-04-11,22:11:56,-07:00,2026-04-11T22:11:56-07:00,6,95
resume/index.html,75,html,b523c1a5,xibahbah,2026-04-11,22:11:56,-07:00,2026-04-11T22:11:56-07:00,6,70
resume/index.html,76,html,b523c1a5,xibahbah,2026-04-11,22:11:56,-07:00,2026-04-11T22:11:56-07:00,6,81
resume/index.html,77,html,b523c1a5,xibahbah,2026-04-11,22:11:56,-07:00,2026-04-11T22:11:56-07:00,6,94
resume/index.html,78,html,b523c1a5,xibahbah,2026-04-11,22:11:56,-07:00,2026-04-11T22:11:56-07:00,4,3
resume/index.html,79,html,b523c1a5,xibahbah,2026-04-11,22:11:56,-07:00,2026-04-11T22:11:56-07:00,2,8
resume/index.html,80,html,b523c1a5,xibahbah,2026-04-11,22:11:56,-07:00,2026-04-11T22:11:56-07:00,0,0
resume/index.html,81,html,b523c1a5,xibahbah,2026-04-11,22:11:56,-07:00,2026-04-11T22:11:56-07:00,2,26
resume/index.html,82,html,b523c1a5,xibahbah,2026-04-11,22:11:56,-07:00,2026-04-11T22:11:56-07:00,4,29
resume/index.html,83,html,b523c1a5,xibahbah,2026-04-11,22:11:56,-07:00,2026-04-11T22:11:56-07:00,4,20
resume/index.html,84,html,b523c1a5,xibahbah,2026-04-11,22:11:56,-07:00,2026-04-11T22:11:56-07:00,6,26
resume/index.html,85,html,b523c1a5,xibahbah,2026-04-11,22:11:56,-07:00,2026-04-11T22:11:56-07:00,6,31
resume/index.html,86,html,b523c1a5,xibahbah,2026-04-11,22:11:56,-07:00,2026-04-11T22:11:56-07:00,6,64
resume/index.html,87,html,b523c1a5,xibahbah,2026-04-11,22:11:56,-07:00,2026-04-11T22:11:56-07:00,4,4
resume/index.html,88,html,b523c1a5,xibahbah,2026-04-11,22:11:56,-07:00,2026-04-11T22:11:56-07:00,4,20
resume/index.html,89,html,b523c1a5,xibahbah,2026-04-11,22:11:56,-07:00,2026-04-11T22:11:56-07:00,6,24
resume/index.html,90,html,b523c1a5,xibahbah,2026-04-11,22:11:56,-07:00,2026-04-11T22:11:56-07:00,6,31
resume/index.html,91,html,b523c1a5,xibahbah,2026-04-11,22:11:56,-07:00,2026-04-11T22:11:56-07:00,6,75
resume/index.html,92,html,b523c1a5,xibahbah,2026-04-11,22:11:56,-07:00,2026-04-11T22:11:56-07:00,4,4
resume/index.html,93,html,b523c1a5,xibahbah,2026-04-11,22:11:56,-07:00,2026-04-11T22:11:56-07:00,4,20
resume/index.html,94,html,b523c1a5,xibahbah,2026-04-11,22:11:56,-07:00,2026-04-11T22:11:56-07:00,6,17
resume/index.html,95,html,b523c1a5,xibahbah,2026-04-11,22:11:56,-07:00,2026-04-11T22:11:56-07:00,6,31
resume/index.html,96,html,b523c1a5,xibahbah,2026-04-11,22:11:56,-07:00,2026-04-11T22:11:56-07:00,6,60
resume/index.html,97,html,b523c1a5,xibahbah,2026-04-11,22:11:56,-07:00,2026-04-11T22:11:56-07:00,4,4
resume/index.html,98,html,b523c1a5,xibahbah,2026-04-11,22:11:56,-07:00,2026-04-11T22:11:56-07:00,4,20
resume/index.html,99,html,b523c1a5,xibahbah,2026-04-11,22:11:56,-07:00,2026-04-11T22:11:56-07:00,6,28
resume/index.html,100,html,b523c1a5,xibahbah,2026-04-11,22:11:56,-07:00,2026-04-11T22:11:56-07:00,6,31
resume/index.html,101,html,b523c1a5,xibahbah,2026-04-11,22:11:56,-07:00,2026-04-11T22:11:56-07:00,6,87
resume/index.html,102,html,b523c1a5,xibahbah,2026-04-11,22:11:56,-07:00,2026-04-11T22:11:56-07:00,4,4
resume/index.html,103,html,b523c1a5,xibahbah,2026-04-11,22:11:56,-07:00,2026-04-11T22:11:56-07:00,4,20
resume/index.html,104,html,b523c1a5,xibahbah,2026-04-11,22:11:56,-07:00,2026-04-11T22:11:56-07:00,6,40
resume/index.html,105,html,b523c1a5,xibahbah,2026-04-11,22:11:56,-07:00,2026-04-11T22:11:56-07:00,6,31
resume/index.html,106,html,b523c1a5,xibahbah,2026-04-11,22:11:56,-07:00,2026-04-11T22:11:56-07:00,6,88
resume/index.html,107,html,b523c1a5,xibahbah,2026-04-11,22:11:56,-07:00,2026-04-11T22:11:56-07:00,4,4
resume/index.html,108,html,b523c1a5,xibahbah,2026-04-11,22:11:56,-07:00,2026-04-11T22:11:56-07:00,4,20
resume/index.html,109,html,b523c1a5,xibahbah,2026-04-11,22:11:56,-07:00,2026-04-11T22:11:56-07:00,6,13
resume/index.html,110,html,b523c1a5,xibahbah,2026-04-11,22:11:56,-07:00,2026-04-11T22:11:56-07:00,6,31
resume/index.html,111,html,b523c1a5,xibahbah,2026-04-11,22:11:56,-07:00,2026-04-11T22:11:56-07:00,6,79
resume/index.html,112,html,b523c1a5,xibahbah,2026-04-11,22:11:56,-07:00,2026-04-11T22:11:56-07:00,4,4
resume/index.html,113,html,b523c1a5,xibahbah,2026-04-11,22:11:56,-07:00,2026-04-11T22:11:56-07:00,2,8
resume/index.html,114,html,2963da23,xibahbah,2026-04-04,16:41:50,-07:00,2026-04-04T16:41:50-07:00,0,5
resume/index.html,115,html,8d8d8b7b,xibahbah,2026-04-11,21:54:21,-07:00,2026-04-11T21:54:21-07:00,0,5
projects/projects.js,1,js,cb843351,xibahbah,2026-05-08,16:24:10,-07:00,2026-05-08T16:24:10-07:00,0,63
projects/projects.js,2,js,b1268f9e,xibahbah,2026-04-25,15:47:11,-07:00,2026-04-25T15:47:11-07:00,0,55
projects/projects.js,3,js,b1268f9e,xibahbah,2026-04-25,15:47:11,-07:00,2026-04-25T15:47:11-07:00,0,0
projects/projects.js,4,js,b1268f9e,xibahbah,2026-04-25,15:47:11,-07:00,2026-04-25T15:47:11-07:00,0,55
projects/projects.js,5,js,b1268f9e,xibahbah,2026-04-25,15:47:11,-07:00,2026-04-25T15:47:11-07:00,0,60
projects/projects.js,6,js,b1268f9e,xibahbah,2026-04-25,15:47:11,-07:00,2026-04-25T15:47:11-07:00,0,62
projects/projects.js,7,js,cb843351,xibahbah,2026-05-08,16:24:10,-07:00,2026-05-08T16:24:10-07:00,0,55
projects/projects.js,8,js,cb843351,xibahbah,2026-05-08,16:24:10,-07:00,2026-05-08T16:24:10-07:00,0,19
projects/projects.js,9,js,cb843351,xibahbah,2026-05-08,16:24:10,-07:00,2026-05-08T16:24:10-07:00,0,66
projects/projects.js,10,js,cb843351,xibahbah,2026-05-08,16:24:10,-07:00,2026-05-08T16:24:10-07:00,0,49
projects/projects.js,11,js,cb843351,xibahbah,2026-05-08,16:24:10,-07:00,2026-05-08T16:24:10-07:00,0,0
projects/projects.js,12,js,cb843351,xibahbah,2026-05-08,16:24:10,-07:00,2026-05-08T16:24:10-07:00,0,13
projects/projects.js,13,js,cb843351,xibahbah,2026-05-08,16:24:10,-07:00,2026-05-08T16:24:10-07:00,0,22
projects/projects.js,14,js,b1268f9e,xibahbah,2026-04-25,15:47:11,-07:00,2026-04-25T15:47:11-07:00,0,0
projects/projects.js,15,js,b1268f9e,xibahbah,2026-04-25,15:47:11,-07:00,2026-04-25T15:47:11-07:00,0,18
projects/projects.js,16,js,b1268f9e,xibahbah,2026-04-25,15:47:11,-07:00,2026-04-25T15:47:11-07:00,1,56
projects/projects.js,17,js,b1268f9e,xibahbah,2026-04-25,15:47:11,-07:00,2026-04-25T15:47:11-07:00,0,0
projects/projects.js,18,js,b1268f9e,xibahbah,2026-04-25,15:47:11,-07:00,2026-04-25T15:47:11-07:00,0,0
projects/projects.js,19,js,cb843351,xibahbah,2026-05-08,16:24:10,-07:00,2026-05-08T16:24:10-07:00,0,36
projects/projects.js,20,js,cb843351,xibahbah,2026-05-08,16:24:10,-07:00,2026-05-08T16:24:10-07:00,1,42
projects/projects.js,21,js,cb843351,xibahbah,2026-05-08,16:24:10,-07:00,2026-05-08T16:24:10-07:00,0,0
projects/projects.js,22,js,cb843351,xibahbah,2026-05-08,16:24:10,-07:00,2026-05-08T16:24:10-07:00,1,35
projects/projects.js,23,js,cb843351,xibahbah,2026-05-08,16:24:10,-07:00,2026-05-08T16:24:10-07:00,2,61
projects/projects.js,24,js,cb843351,xibahbah,2026-05-08,16:24:10,-07:00,2026-05-08T16:24:10-07:00,2,38
projects/projects.js,25,js,cb843351,xibahbah,2026-05-08,16:24:10,-07:00,2026-05-08T16:24:10-07:00,1,1
projects/projects.js,26,js,cb843351,xibahbah,2026-05-08,16:24:10,-07:00,2026-05-08T16:24:10-07:00,0,0
projects/projects.js,27,js,cb843351,xibahbah,2026-05-08,16:24:10,-07:00,2026-05-08T16:24:10-07:00,0,0
projects/projects.js,28,js,cb843351,xibahbah,2026-05-08,16:24:10,-07:00,2026-05-08T16:24:10-07:00,0,44
projects/projects.js,29,js,cb843351,xibahbah,2026-05-08,16:24:10,-07:00,2026-05-08T16:24:10-07:00,1,42
projects/projects.js,30,js,cb843351,xibahbah,2026-05-08,16:24:10,-07:00,2026-05-08T16:24:10-07:00,1,34
projects/projects.js,31,js,cb843351,xibahbah,2026-05-08,16:24:10,-07:00,2026-05-08T16:24:10-07:00,0,0
projects/projects.js,32,js,cb843351,xibahbah,2026-05-08,16:24:10,-07:00,2026-05-08T16:24:10-07:00,1,29
projects/projects.js,33,js,cb843351,xibahbah,2026-05-08,16:24:10,-07:00,2026-05-08T16:24:10-07:00,1,30
projects/projects.js,34,js,cb843351,xibahbah,2026-05-08,16:24:10,-07:00,2026-05-08T16:24:10-07:00,0,0
projects/projects.js,35,js,cb843351,xibahbah,2026-05-08,16:24:10,-07:00,2026-05-08T16:24:10-07:00,1,28
projects/projects.js,36,js,cb843351,xibahbah,2026-05-08,16:24:10,-07:00,2026-05-08T16:24:10-07:00,2,18
projects/projects.js,37,js,cb843351,xibahbah,2026-05-08,16:24:10,-07:00,2026-05-08T16:24:10-07:00,2,24
projects/projects.js,38,js,cb843351,xibahbah,2026-05-08,16:24:10,-07:00,2026-05-08T16:24:10-07:00,2,24
projects/projects.js,39,js,cb843351,xibahbah,2026-05-08,16:24:10,-07:00,2026-05-08T16:24:10-07:00,1,0
projects/projects.js,40,js,cb843351,xibahbah,2026-05-08,16:24:10,-07:00,2026-05-08T16:24:10-07:00,0,0
projects/projects.js,41,js,cb843351,xibahbah,2026-05-08,16:24:10,-07:00,2026-05-08T16:24:10-07:00,1,47
projects/projects.js,42,js,cb843351,xibahbah,2026-05-08,16:24:10,-07:00,2026-05-08T16:24:10-07:00,2,11
projects/projects.js,43,js,cb843351,xibahbah,2026-05-08,16:24:10,-07:00,2026-05-08T16:24:10-07:00,2,10
projects/projects.js,44,js,cb843351,xibahbah,2026-05-08,16:24:10,-07:00,2026-05-08T16:24:10-07:00,1,2
projects/projects.js,45,js,cb843351,xibahbah,2026-05-08,16:24:10,-07:00,2026-05-08T16:24:10-07:00,0,0
projects/projects.js,46,js,cb843351,xibahbah,2026-05-08,16:24:10,-07:00,2026-05-08T16:24:10-07:00,1,52
projects/projects.js,47,js,cb843351,xibahbah,2026-05-08,16:24:10,-07:00,2026-05-08T16:24:10-07:00,1,35
projects/projects.js,48,js,cb843351,xibahbah,2026-05-08,16:24:10,-07:00,2026-05-08T16:24:10-07:00,0,0
projects/projects.js,49,js,cb843351,xibahbah,2026-05-08,16:24:10,-07:00,2026-05-08T16:24:10-07:00,1,1
projects/projects.js,50,js,cb843351,xibahbah,2026-05-08,16:24:10,-07:00,2026-05-08T16:24:10-07:00,2,16
projects/projects.js,51,js,cb843351,xibahbah,2026-05-08,16:24:10,-07:00,2026-05-08T16:24:10-07:00,2,12
projects/projects.js,52,js,cb843351,xibahbah,2026-05-08,16:24:10,-07:00,2026-05-08T16:24:10-07:00,2,11
projects/projects.js,53,js,cb843351,xibahbah,2026-05-08,16:24:10,-07:00,2026-05-08T16:24:10-07:00,2,22
projects/projects.js,54,js,cb843351,xibahbah,2026-05-08,16:24:10,-07:00,2026-05-08T16:24:10-07:00,2,33
projects/projects.js,55,js,cb843351,xibahbah,2026-05-08,16:24:10,-07:00,2026-05-08T16:24:10-07:00,2,72
projects/projects.js,56,js,cb843351,xibahbah,2026-05-08,16:24:10,-07:00,2026-05-08T16:24:10-07:00,2,18
projects/projects.js,57,js,cb843351,xibahbah,2026-05-08,16:24:10,-07:00,2026-05-08T16:24:10-07:00,2,21
projects/projects.js,58,js,cb843351,xibahbah,2026-05-08,16:24:10,-07:00,2026-05-08T16:24:10-07:00,2,69
projects/projects.js,59,js,cb843351,xibahbah,2026-05-08,16:24:10,-07:00,2026-05-08T16:24:10-07:00,2,27
projects/projects.js,60,js,cb843351,xibahbah,2026-05-08,16:24:10,-07:00,2026-05-08T16:24:10-07:00,3,65
projects/projects.js,61,js,cb843351,xibahbah,2026-05-08,16:24:10,-07:00,2026-05-08T16:24:10-07:00,3,7
projects/projects.js,62,js,cb843351,xibahbah,2026-05-08,16:24:10,-07:00,2026-05-08T16:24:10-07:00,2,0
projects/projects.js,63,js,cb843351,xibahbah,2026-05-08,16:24:10,-07:00,2026-05-08T16:24:10-07:00,2,28
projects/projects.js,64,js,cb843351,xibahbah,2026-05-08,16:24:10,-07:00,2026-05-08T16:24:10-07:00,3,47
projects/projects.js,65,js,cb843351,xibahbah,2026-05-08,16:24:10,-07:00,2026-05-08T16:24:10-07:00,4,21
projects/projects.js,66,js,cb843351,xibahbah,2026-05-08,16:24:10,-07:00,2026-05-08T16:24:10-07:00,4,65
projects/projects.js,67,js,cb843351,xibahbah,2026-05-08,16:24:10,-07:00,2026-05-08T16:24:10-07:00,4,7
projects/projects.js,68,js,cb843351,xibahbah,2026-05-08,16:24:10,-07:00,2026-05-08T16:24:10-07:00,3,0
projects/projects.js,69,js,cb843351,xibahbah,2026-05-08,16:24:10,-07:00,2026-05-08T16:24:10-07:00,2,1
projects/projects.js,70,js,cb843351,xibahbah,2026-05-08,16:24:10,-07:00,2026-05-08T16:24:10-07:00,0,0
projects/projects.js,71,js,cb843351,xibahbah,2026-05-08,16:24:10,-07:00,2026-05-08T16:24:10-07:00,1,4
projects/projects.js,72,js,cb843351,xibahbah,2026-05-08,16:24:10,-07:00,2026-05-08T16:24:10-07:00,2,14
projects/projects.js,73,js,cb843351,xibahbah,2026-05-08,16:24:10,-07:00,2026-05-08T16:24:10-07:00,2,9
projects/projects.js,74,js,cb843351,xibahbah,2026-05-08,16:24:10,-07:00,2026-05-08T16:24:10-07:00,2,9
projects/projects.js,75,js,cb843351,xibahbah,2026-05-08,16:24:10,-07:00,2026-05-08T16:24:10-07:00,2,48
projects/projects.js,76,js,cb843351,xibahbah,2026-05-08,16:24:10,-07:00,2026-05-08T16:24:10-07:00,2,80
projects/projects.js,77,js,cb843351,xibahbah,2026-05-08,16:24:10,-07:00,2026-05-08T16:24:10-07:00,2,18
projects/projects.js,78,js,cb843351,xibahbah,2026-05-08,16:24:10,-07:00,2026-05-08T16:24:10-07:00,2,21
projects/projects.js,79,js,cb843351,xibahbah,2026-05-08,16:24:10,-07:00,2026-05-08T16:24:10-07:00,2,57
projects/projects.js,80,js,cb843351,xibahbah,2026-05-08,16:24:10,-07:00,2026-05-08T16:24:10-07:00,2,74
projects/projects.js,81,js,cb843351,xibahbah,2026-05-08,16:24:10,-07:00,2026-05-08T16:24:10-07:00,2,27
projects/projects.js,82,js,cb843351,xibahbah,2026-05-08,16:24:10,-07:00,2026-05-08T16:24:10-07:00,3,55
projects/projects.js,83,js,cb843351,xibahbah,2026-05-08,16:24:10,-07:00,2026-05-08T16:24:10-07:00,3,7
projects/projects.js,84,js,cb843351,xibahbah,2026-05-08,16:24:10,-07:00,2026-05-08T16:24:10-07:00,2,0
projects/projects.js,85,js,cb843351,xibahbah,2026-05-08,16:24:10,-07:00,2026-05-08T16:24:10-07:00,2,28
projects/projects.js,86,js,cb843351,xibahbah,2026-05-08,16:24:10,-07:00,2026-05-08T16:24:10-07:00,3,47
projects/projects.js,87,js,cb843351,xibahbah,2026-05-08,16:24:10,-07:00,2026-05-08T16:24:10-07:00,4,21
projects/projects.js,88,js,cb843351,xibahbah,2026-05-08,16:24:10,-07:00,2026-05-08T16:24:10-07:00,4,55
projects/projects.js,89,js,cb843351,xibahbah,2026-05-08,16:24:10,-07:00,2026-05-08T16:24:10-07:00,4,7
projects/projects.js,90,js,cb843351,xibahbah,2026-05-08,16:24:10,-07:00,2026-05-08T16:24:10-07:00,3,0
projects/projects.js,91,js,cb843351,xibahbah,2026-05-08,16:24:10,-07:00,2026-05-08T16:24:10-07:00,2,1
projects/projects.js,92,js,cb843351,xibahbah,2026-05-08,16:24:10,-07:00,2026-05-08T16:24:10-07:00,0,0
projects/projects.js,93,js,cb843351,xibahbah,2026-05-08,16:24:10,-07:00,2026-05-08T16:24:10-07:00,0,0
projects/projects.js,94,js,cb843351,xibahbah,2026-05-08,16:24:10,-07:00,2026-05-08T16:24:10-07:00,0,17
projects/projects.js,95,js,cb843351,xibahbah,2026-05-08,16:24:10,-07:00,2026-05-08T16:24:10-07:00,1,57
projects/projects.js,96,js,cb843351,xibahbah,2026-05-08,16:24:10,-07:00,2026-05-08T16:24:10-07:00,1,84
projects/projects.js,97,js,cb843351,xibahbah,2026-05-08,16:24:10,-07:00,2026-05-08T16:24:10-07:00,0,0
projects/projects.js,98,js,cb843351,xibahbah,2026-05-08,16:24:10,-07:00,2026-05-08T16:24:10-07:00,1,54
projects/projects.js,99,js,cb843351,xibahbah,2026-05-08,16:24:10,-07:00,2026-05-08T16:24:10-07:00,2,18
projects/projects.js,100,js,cb843351,xibahbah,2026-05-08,16:24:10,-07:00,2026-05-08T16:24:10-07:00,1,0
projects/projects.js,101,js,cb843351,xibahbah,2026-05-08,16:24:10,-07:00,2026-05-08T16:24:10-07:00,0,0
projects/projects.js,102,js,cb843351,xibahbah,2026-05-08,16:24:10,-07:00,2026-05-08T16:24:10-07:00,1,34
projects/projects.js,103,js,cb843351,xibahbah,2026-05-08,16:24:10,-07:00,2026-05-08T16:24:10-07:00,2,73
projects/projects.js,104,js,cb843351,xibahbah,2026-05-08,16:24:10,-07:00,2026-05-08T16:24:10-07:00,2,23
projects/projects.js,105,js,cb843351,xibahbah,2026-05-08,16:24:10,-07:00,2026-05-08T16:24:10-07:00,0,0
projects/projects.js,106,js,cb843351,xibahbah,2026-05-08,16:24:10,-07:00,2026-05-08T16:24:10-07:00,1,55
projects/projects.js,107,js,cb843351,xibahbah,2026-05-08,16:24:10,-07:00,2026-05-08T16:24:10-07:00,1,37
projects/projects.js,108,js,cb843351,xibahbah,2026-05-08,16:24:10,-07:00,2026-05-08T16:24:10-07:00,0,0
projects/projects.js,109,js,cb843351,xibahbah,2026-05-08,16:24:10,-07:00,2026-05-08T16:24:10-07:00,0,0
projects/projects.js,110,js,cb843351,xibahbah,2026-05-08,16:24:10,-07:00,2026-05-08T16:24:10-07:00,0,48
projects/projects.js,111,js,cb843351,xibahbah,2026-05-08,16:24:10,-07:00,2026-05-08T16:24:10-07:00,1,25
projects/projects.js,112,js,cb843351,xibahbah,2026-05-08,16:24:10,-07:00,2026-05-08T16:24:10-07:00,1,7
projects/projects.js,113,js,cb843351,xibahbah,2026-05-08,16:24:10,-07:00,2026-05-08T16:24:10-07:00,0,1
projects/projects.js,114,js,cb843351,xibahbah,2026-05-08,16:24:10,-07:00,2026-05-08T16:24:10-07:00,0,0
projects/projects.js,115,js,cb843351,xibahbah,2026-05-08,16:24:10,-07:00,2026-05-08T16:24:10-07:00,0,7
projects/index.html,1,html,9aa906ca,xibahbah,2026-04-04,16:32:01,-07:00,2026-04-04T16:32:01-07:00,0,13
projects/index.html,2,html,9aa906ca,xibahbah,2026-04-04,16:32:01,-07:00,2026-04-04T16:32:01-07:00,0,14
projects/index.html,3,html,9aa906ca,xibahbah,2026-04-04,16:32:01,-07:00,2026-04-04T16:32:01-07:00,0,4
projects/index.html,4,html,9aa906ca,xibahbah,2026-04-04,16:32:01,-07:00,2026-04-04T16:32:01-07:00,2,20
projects/index.html,5,html,9aa906ca,xibahbah,2026-04-04,16:32:01,-07:00,2026-04-04T16:32:01-07:00,2,68
projects/index.html,6,html,8d8d8b7b,xibahbah,2026-04-11,21:54:21,-07:00,2026-04-11T21:54:21-07:00,2,34
projects/index.html,7,html,00000000,Not Committed Yet,2026-05-08,20:55:31,-07:00,2026-05-08T20:55:31-07:00,2,57
projects/index.html,8,html,b1268f9e,xibahbah,2026-04-25,15:47:11,-07:00,2026-04-25T15:47:11-07:00,2,48
projects/index.html,9,html,b1268f9e,xibahbah,2026-04-25,15:47:11,-07:00,2026-04-25T15:47:11-07:00,2,47
projects/index.html,10,html,bf01c32a,xibahbah,2026-04-11,22:22:25,-07:00,2026-04-11T22:22:25-07:00,2,5
projects/index.html,11,html,9a434b12,xibahbah,2026-04-11,22:36:05,-07:00,2026-04-11T22:36:05-07:00,4,0
projects/index.html,12,html,bf01c32a,xibahbah,2026-04-11,22:22:25,-07:00,2026-04-11T22:22:25-07:00,4,12
projects/index.html,13,html,bf01c32a,xibahbah,2026-04-11,22:22:25,-07:00,2026-04-11T22:22:25-07:00,6,21
projects/index.html,14,html,bf01c32a,xibahbah,2026-04-11,22:22:25,-07:00,2026-04-11T22:22:25-07:00,6,39
projects/index.html,15,html,bf01c32a,xibahbah,2026-04-11,22:22:25,-07:00,2026-04-11T22:22:25-07:00,6,17
projects/index.html,16,html,bf01c32a,xibahbah,2026-04-11,22:22:25,-07:00,2026-04-11T22:22:25-07:00,4,0
projects/index.html,17,html,bf01c32a,xibahbah,2026-04-11,22:22:25,-07:00,2026-04-11T22:22:25-07:00,0,0
projects/index.html,18,html,bf01c32a,xibahbah,2026-04-11,22:22:25,-07:00,2026-04-11T22:22:25-07:00,4,15
projects/index.html,19,html,bf01c32a,xibahbah,2026-04-11,22:22:25,-07:00,2026-04-11T22:22:25-07:00,6,16
projects/index.html,20,html,bf01c32a,xibahbah,2026-04-11,22:22:25,-07:00,2026-04-11T22:22:25-07:00,4,0
projects/index.html,21,html,bf01c32a,xibahbah,2026-04-11,22:22:25,-07:00,2026-04-11T22:22:25-07:00,0,0
projects/index.html,22,html,bf01c32a,xibahbah,2026-04-11,22:22:25,-07:00,2026-04-11T22:22:25-07:00,4,14
projects/index.html,23,html,bf01c32a,xibahbah,2026-04-11,22:22:25,-07:00,2026-04-11T22:22:25-07:00,6,8
projects/index.html,24,html,bf01c32a,xibahbah,2026-04-11,22:22:25,-07:00,2026-04-11T22:22:25-07:00,6,21
projects/index.html,25,html,bf01c32a,xibahbah,2026-04-11,22:22:25,-07:00,2026-04-11T22:22:25-07:00,6,16
projects/index.html,26,html,bf01c32a,xibahbah,2026-04-11,22:22:25,-07:00,2026-04-11T22:22:25-07:00,4,0
projects/index.html,27,html,bf01c32a,xibahbah,2026-04-11,22:22:25,-07:00,2026-04-11T22:22:25-07:00,0,0
projects/index.html,28,html,bf01c32a,xibahbah,2026-04-11,22:22:25,-07:00,2026-04-11T22:22:25-07:00,4,9
projects/index.html,29,html,cb843351,xibahbah,2026-05-08,16:24:10,-07:00,2026-05-08T16:24:10-07:00,6,69
projects/index.html,30,html,bf01c32a,xibahbah,2026-04-11,22:22:25,-07:00,2026-04-11T22:22:25-07:00,6,9
projects/index.html,31,html,bf01c32a,xibahbah,2026-04-11,22:22:25,-07:00,2026-04-11T22:22:25-07:00,4,0
projects/index.html,32,html,bf01c32a,xibahbah,2026-04-11,22:22:25,-07:00,2026-04-11T22:22:25-07:00,0,0
projects/index.html,33,html,bf01c32a,xibahbah,2026-04-11,22:22:25,-07:00,2026-04-11T22:22:25-07:00,4,17
projects/index.html,34,html,bf01c32a,xibahbah,2026-04-11,22:22:25,-07:00,2026-04-11T22:22:25-07:00,6,16
projects/index.html,35,html,bf01c32a,xibahbah,2026-04-11,22:22:25,-07:00,2026-04-11T22:22:25-07:00,6,32
projects/index.html,36,html,bf01c32a,xibahbah,2026-04-11,22:22:25,-07:00,2026-04-11T22:22:25-07:00,6,17
projects/index.html,37,html,bf01c32a,xibahbah,2026-04-11,22:22:25,-07:00,2026-04-11T22:22:25-07:00,6,15
projects/index.html,38,html,bf01c32a,xibahbah,2026-04-11,22:22:25,-07:00,2026-04-11T22:22:25-07:00,6,12
projects/index.html,39,html,bf01c32a,xibahbah,2026-04-11,22:22:25,-07:00,2026-04-11T22:22:25-07:00,6,21
projects/index.html,40,html,bf01c32a,xibahbah,2026-04-11,22:22:25,-07:00,2026-04-11T22:22:25-07:00,6,14
projects/index.html,41,html,bf01c32a,xibahbah,2026-04-11,22:22:25,-07:00,2026-04-11T22:22:25-07:00,6,24
projects/index.html,42,html,bf01c32a,xibahbah,2026-04-11,22:22:25,-07:00,2026-04-11T22:22:25-07:00,6,52
projects/index.html,43,html,bf01c32a,xibahbah,2026-04-11,22:22:25,-07:00,2026-04-11T22:22:25-07:00,6,14
projects/index.html,44,html,bf01c32a,xibahbah,2026-04-11,22:22:25,-07:00,2026-04-11T22:22:25-07:00,4,0
projects/index.html,45,html,bf01c32a,xibahbah,2026-04-11,22:22:25,-07:00,2026-04-11T22:22:25-07:00,0,0
projects/index.html,46,html,bf01c32a,xibahbah,2026-04-11,22:22:25,-07:00,2026-04-11T22:22:25-07:00,4,23
projects/index.html,47,html,bf01c32a,xibahbah,2026-04-11,22:22:25,-07:00,2026-04-11T22:22:25-07:00,6,26
projects/index.html,48,html,bf01c32a,xibahbah,2026-04-11,22:22:25,-07:00,2026-04-11T22:22:25-07:00,6,43
projects/index.html,49,html,bf01c32a,xibahbah,2026-04-11,22:22:25,-07:00,2026-04-11T22:22:25-07:00,4,0
projects/index.html,50,html,c282c354,xibahbah,2026-04-25,16:04:29,-07:00,2026-04-25T16:04:29-07:00,4,75
projects/index.html,51,html,c282c354,xibahbah,2026-04-25,16:04:29,-07:00,2026-04-25T16:04:29-07:00,4,77
projects/index.html,52,html,c282c354,xibahbah,2026-04-25,16:04:29,-07:00,2026-04-25T16:04:29-07:00,4,77
projects/index.html,53,html,c282c354,xibahbah,2026-04-25,16:04:29,-07:00,2026-04-25T16:04:29-07:00,4,76
projects/index.html,54,html,bf01c32a,xibahbah,2026-04-11,22:22:25,-07:00,2026-04-11T22:22:25-07:00,0,0
projects/index.html,55,html,c282c354,xibahbah,2026-04-25,16:04:29,-07:00,2026-04-25T16:04:29-07:00,4,21
projects/index.html,56,html,c282c354,xibahbah,2026-04-25,16:04:29,-07:00,2026-04-25T16:04:29-07:00,6,10
projects/index.html,57,html,c282c354,xibahbah,2026-04-25,16:04:29,-07:00,2026-04-25T16:04:29-07:00,6,19
projects/index.html,58,html,c282c354,xibahbah,2026-04-25,16:04:29,-07:00,2026-04-25T16:04:29-07:00,6,16
projects/index.html,59,html,c282c354,xibahbah,2026-04-25,16:04:29,-07:00,2026-04-25T16:04:29-07:00,6,13
projects/index.html,60,html,bf01c32a,xibahbah,2026-04-11,22:22:25,-07:00,2026-04-11T22:22:25-07:00,4,0
projects/index.html,61,html,bf01c32a,xibahbah,2026-04-11,22:22:25,-07:00,2026-04-11T22:22:25-07:00,0,0
projects/index.html,62,html,bf01c32a,xibahbah,2026-04-11,22:22:25,-07:00,2026-04-11T22:22:25-07:00,4,20
projects/index.html,63,html,bf01c32a,xibahbah,2026-04-11,22:22:25,-07:00,2026-04-11T22:22:25-07:00,6,8
projects/index.html,64,html,c282c354,xibahbah,2026-04-25,16:04:29,-07:00,2026-04-25T16:04:29-07:00,6,16
projects/index.html,65,html,c282c354,xibahbah,2026-04-25,16:04:29,-07:00,2026-04-25T16:04:29-07:00,6,15
projects/index.html,66,html,bf01c32a,xibahbah,2026-04-11,22:22:25,-07:00,2026-04-11T22:22:25-07:00,6,15
projects/index.html,67,html,c282c354,xibahbah,2026-04-25,16:04:29,-07:00,2026-04-25T16:04:29-07:00,6,23
projects/index.html,68,html,bf01c32a,xibahbah,2026-04-11,22:22:25,-07:00,2026-04-11T22:22:25-07:00,4,0
projects/index.html,69,html,bf01c32a,xibahbah,2026-04-11,22:22:25,-07:00,2026-04-11T22:22:25-07:00,0,0
projects/index.html,70,html,cb843351,xibahbah,2026-05-08,16:24:10,-07:00,2026-05-08T16:24:10-07:00,4,31
projects/index.html,71,html,cb843351,xibahbah,2026-05-08,16:24:10,-07:00,2026-05-08T16:24:10-07:00,6,21
projects/index.html,72,html,cb843351,xibahbah,2026-05-08,16:24:10,-07:00,2026-05-08T16:24:10-07:00,6,6
projects/index.html,73,html,cb843351,xibahbah,2026-05-08,16:24:10,-07:00,2026-05-08T16:24:10-07:00,4,0
projects/index.html,74,html,cb843351,xibahbah,2026-05-08,16:24:10,-07:00,2026-05-08T16:24:10-07:00,0,0
projects/index.html,75,html,bf01c32a,xibahbah,2026-04-11,22:22:25,-07:00,2026-04-11T22:22:25-07:00,4,19
projects/index.html,76,html,bf01c32a,xibahbah,2026-04-11,22:22:25,-07:00,2026-04-11T22:22:25-07:00,6,8
projects/index.html,77,html,c282c354,xibahbah,2026-04-25,16:04:29,-07:00,2026-04-25T16:04:29-07:00,6,16
projects/index.html,78,html,bf01c32a,xibahbah,2026-04-11,22:22:25,-07:00,2026-04-11T22:22:25-07:00,6,21
projects/index.html,79,html,bf01c32a,xibahbah,2026-04-11,22:22:25,-07:00,2026-04-11T22:22:25-07:00,6,15
projects/index.html,80,html,bf01c32a,xibahbah,2026-04-11,22:22:25,-07:00,2026-04-11T22:22:25-07:00,4,0
projects/index.html,81,html,bf01c32a,xibahbah,2026-04-11,22:22:25,-07:00,2026-04-11T22:22:25-07:00,0,0
projects/index.html,82,html,bf01c32a,xibahbah,2026-04-11,22:22:25,-07:00,2026-04-11T22:22:25-07:00,4,6
projects/index.html,83,html,bf01c32a,xibahbah,2026-04-11,22:22:25,-07:00,2026-04-11T22:22:25-07:00,6,14
projects/index.html,84,html,bf01c32a,xibahbah,2026-04-11,22:22:25,-07:00,2026-04-11T22:22:25-07:00,6,20
projects/index.html,85,html,bf01c32a,xibahbah,2026-04-11,22:22:25,-07:00,2026-04-11T22:22:25-07:00,6,36
projects/index.html,86,html,bf01c32a,xibahbah,2026-04-11,22:22:25,-07:00,2026-04-11T22:22:25-07:00,6,17
projects/index.html,87,html,bf01c32a,xibahbah,2026-04-11,22:22:25,-07:00,2026-04-11T22:22:25-07:00,6,16
projects/index.html,88,html,bf01c32a,xibahbah,2026-04-11,22:22:25,-07:00,2026-04-11T22:22:25-07:00,6,21
projects/index.html,89,html,bf01c32a,xibahbah,2026-04-11,22:22:25,-07:00,2026-04-11T22:22:25-07:00,4,0
projects/index.html,90,html,bf01c32a,xibahbah,2026-04-11,22:22:25,-07:00,2026-04-11T22:22:25-07:00,2,6
projects/index.html,91,html,9aa906ca,xibahbah,2026-04-04,16:32:01,-07:00,2026-04-04T16:32:01-07:00,0,5
projects/index.html,92,html,9aa906ca,xibahbah,2026-04-04,16:32:01,-07:00,2026-04-04T16:32:01-07:00,0,4
projects/index.html,93,html,bf01c32a,xibahbah,2026-04-11,22:22:25,-07:00,2026-04-11T22:22:25-07:00,2,23
projects/index.html,94,html,b1268f9e,xibahbah,2026-04-25,15:47:11,-07:00,2026-04-25T15:47:11-07:00,4,41
projects/index.html,95,html,bf01c32a,xibahbah,2026-04-11,22:22:25,-07:00,2026-04-11T22:22:25-07:00,4,51
projects/index.html,96,html,bf01c32a,xibahbah,2026-04-11,22:22:25,-07:00,2026-04-11T22:22:25-07:00,2,4
projects/index.html,97,html,8d8d8b7b,xibahbah,2026-04-11,21:54:21,-07:00,2026-04-11T21:54:21-07:00,0,0
projects/index.html,98,html,cb843351,xibahbah,2026-05-08,16:24:10,-07:00,2026-05-08T16:24:10-07:00,2,57
projects/index.html,99,html,cb843351,xibahbah,2026-05-08,16:24:10,-07:00,2026-05-08T16:24:10-07:00,4,58
projects/index.html,100,html,cb843351,xibahbah,2026-05-08,16:24:10,-07:00,2026-05-08T16:24:10-07:00,4,22
projects/index.html,101,html,cb843351,xibahbah,2026-05-08,16:24:10,-07:00,2026-05-08T16:24:10-07:00,2,4
projects/index.html,102,html,cb843351,xibahbah,2026-05-08,16:24:10,-07:00,2026-05-08T16:24:10-07:00,0,0
projects/index.html,103,html,cb843351,xibahbah,2026-05-08,16:24:10,-07:00,2026-05-08T16:24:10-07:00,2,4
projects/index.html,104,html,cb843351,xibahbah,2026-05-08,16:24:10,-07:00,2026-05-08T16:24:10-07:00,4,15
projects/index.html,105,html,cb843351,xibahbah,2026-05-08,16:24:10,-07:00,2026-05-08T16:24:10-07:00,4,11
projects/index.html,106,html,cb843351,xibahbah,2026-05-08,16:24:10,-07:00,2026-05-08T16:24:10-07:00,4,26
projects/index.html,107,html,cb843351,xibahbah,2026-05-08,16:24:10,-07:00,2026-05-08T16:24:10-07:00,4,30
projects/index.html,108,html,cb843351,xibahbah,2026-05-08,16:24:10,-07:00,2026-05-08T16:24:10-07:00,2,0
projects/index.html,109,html,cb843351,xibahbah,2026-05-08,16:24:10,-07:00,2026-05-08T16:24:10-07:00,0,0
projects/index.html,110,html,b1268f9e,xibahbah,2026-04-25,15:47:11,-07:00,2026-04-25T15:47:11-07:00,2,26
projects/index.html,111,html,bf01c32a,xibahbah,2026-04-11,22:22:25,-07:00,2026-04-11T22:22:25-07:00,0,0
projects/index.html,112,html,bf01c32a,xibahbah,2026-04-11,22:22:25,-07:00,2026-04-11T22:22:25-07:00,2,32
projects/index.html,113,html,9aa906ca,xibahbah,2026-04-04,16:32:01,-07:00,2026-04-04T16:32:01-07:00,0,5
projects/index.html,114,html,8d8d8b7b,xibahbah,2026-04-11,21:54:21,-07:00,2026-04-11T21:54:21-07:00,0,5
contact/index.html,1,html,9aa906ca,xibahbah,2026-04-04,16:32:01,-07:00,2026-04-04T16:32:01-07:00,0,13
contact/index.html,2,html,9aa906ca,xibahbah,2026-04-04,16:32:01,-07:00,2026-04-04T16:32:01-07:00,0,14
contact/index.html,3,html,9aa906ca,xibahbah,2026-04-04,16:32:01,-07:00,2026-04-04T16:32:01-07:00,0,4
contact/index.html,4,html,9aa906ca,xibahbah,2026-04-04,16:32:01,-07:00,2026-04-04T16:32:01-07:00,2,20
contact/index.html,5,html,9aa906ca,xibahbah,2026-04-04,16:32:01,-07:00,2026-04-04T16:32:01-07:00,2,68
contact/index.html,6,html,8d8d8b7b,xibahbah,2026-04-11,21:54:21,-07:00,2026-04-11T21:54:21-07:00,2,33
contact/index.html,7,html,9aa906ca,xibahbah,2026-04-04,16:32:01,-07:00,2026-04-04T16:32:01-07:00,2,41
contact/index.html,8,html,b1268f9e,xibahbah,2026-04-25,15:47:11,-07:00,2026-04-25T15:47:11-07:00,2,48
contact/index.html,9,html,9aa906ca,xibahbah,2026-04-04,16:32:01,-07:00,2026-04-04T16:32:01-07:00,0,5
contact/index.html,10,html,9aa906ca,xibahbah,2026-04-04,16:32:01,-07:00,2026-04-04T16:32:01-07:00,0,4
contact/index.html,11,html,8d8d8b7b,xibahbah,2026-04-11,21:54:21,-07:00,2026-04-11T21:54:21-07:00,2,17
contact/index.html,12,html,0d694cec,xibahbah,2026-04-04,16:34:13,-07:00,2026-04-04T16:34:13-07:00,0,0
contact/index.html,13,html,66e95155,xibahbah,2026-04-18,14:01:43,-07:00,2026-04-18T14:01:43-07:00,2,55
contact/index.html,14,html,0d694cec,xibahbah,2026-04-04,16:34:13,-07:00,2026-04-04T16:34:13-07:00,4,5
contact/index.html,15,html,0d694cec,xibahbah,2026-04-04,16:34:13,-07:00,2026-04-04T16:34:13-07:00,6,6
contact/index.html,16,html,8d8d8b7b,xibahbah,2026-04-11,21:54:21,-07:00,2026-04-11T21:54:21-07:00,6,41
contact/index.html,17,html,0d694cec,xibahbah,2026-04-04,16:34:13,-07:00,2026-04-04T16:34:13-07:00,4,6
contact/index.html,18,html,0d694cec,xibahbah,2026-04-04,16:34:13,-07:00,2026-04-04T16:34:13-07:00,0,0
contact/index.html,19,html,0d694cec,xibahbah,2026-04-04,16:34:13,-07:00,2026-04-04T16:34:13-07:00,4,5
contact/index.html,20,html,0d694cec,xibahbah,2026-04-04,16:34:13,-07:00,2026-04-04T16:34:13-07:00,6,6
contact/index.html,21,html,8d8d8b7b,xibahbah,2026-04-11,21:54:21,-07:00,2026-04-11T21:54:21-07:00,6,73
contact/index.html,22,html,0d694cec,xibahbah,2026-04-04,16:34:13,-07:00,2026-04-04T16:34:13-07:00,4,6
contact/index.html,23,html,0d694cec,xibahbah,2026-04-04,16:34:13,-07:00,2026-04-04T16:34:13-07:00,0,0
contact/index.html,24,html,8d8d8b7b,xibahbah,2026-04-11,21:54:21,-07:00,2026-04-11T21:54:21-07:00,4,33
contact/index.html,25,html,0d694cec,xibahbah,2026-04-04,16:34:13,-07:00,2026-04-04T16:34:13-07:00,2,5
contact/index.html,26,html,9aa906ca,xibahbah,2026-04-04,16:32:01,-07:00,2026-04-04T16:32:01-07:00,0,5
contact/index.html,27,html,8d8d8b7b,xibahbah,2026-04-11,21:54:21,-07:00,2026-04-11T21:54:21-07:00,0,5
